{
  "defect_categories": {
    "logic_errors": {
      "object_oriented": 0.42,
      "functional": 0.58,
      "procedural": 0.56
    },
    "design_flaws": {
      "object_oriented": 0.67,
      "functional": 0.45,
      "procedural": 0.52
    },
    "security_issues": {
      "object_oriented": 0.48,
      "functional": 0.71,
      "procedural": 0.51
    },
    "performance_issues": {
      "object_oriented": 0.55,
      "functional": 0.38,
      "procedural": 0.54
    }
  },
  "paradigm_specific_patterns": {
    "object_oriented": [
      "encapsulation_violations",
      "inheritance_misuse",
      "polymorphism_issues"
    ],
    "functional": [
      "side_effects_detected",
      "immutability_violations",
      "higher_order_function_misuse"
    ],
    "procedural": [
      "global_state_misuse",
      "memory_management_errors",
      "control_flow_complexity"
    ]
  },
  "detection_efficiency": {
    "fastest_detection": "functional",
    "most_accurate": "object_oriented",
    "most_consistent": "procedural"
  }
}