{
  "descriptive_statistics": {
    "object_oriented": {
      "comprehension_time": {
        "mean": 45211,
        "std": 11853,
        "n": 300
      },
      "review_time": {
        "mean": 120362,
        "std": 30720
      },
      "defect_detection": {
        "mean_rate": 0.688,
        "std": 0.146
      },
      "comprehension_accuracy": {
        "mean": 0.695,
        "std": 0.154
      }
    },
    "functional": {
      "comprehension_time": {
        "mean": 35632,
        "std": 14297,
        "n": 300
      },
      "review_time": {
        "mean": 109780,
        "std": 35853
      },
      "defect_detection": {
        "mean_rate": 0.581,
        "std": 0.173
      },
      "comprehension_accuracy": {
        "mean": 0.7,
        "std": 0.146
      }
    },
    "procedural": {
      "comprehension_time": {
        "mean": 51500,
        "std": 10470,
        "n": 300
      },
      "review_time": {
        "mean": 129909,
        "std": 26246
      },
      "defect_detection": {
        "mean_rate": 0.537,
        "std": 0.126
      },
      "comprehension_accuracy": {
        "mean": 0.695,
        "std": 0.148
      }
    }
  },
  "performance_ranking": [
    {
      "metric": "comprehension_speed",
      "ranking": [
        "functional",
        "object_oriented",
        "procedural"
      ],
      "values": {
        "functional": 35632.823333333334,
        "object_oriented": 45211.14,
        "procedural": 51500.35
      }
    },
    {
      "metric": "defect_detection",
      "ranking": [
        "object_oriented",
        "functional",
        "procedural"
      ],
      "values": {
        "object_oriented": 0.68753,
        "functional": 0.5809966666666667,
        "procedural": 0.5369966666666667
      }
    }
  ],
  "interaction_effects": {
    "beginner": {
      "functional": 0.5395909090909091,
      "object_oriented": 0.6812954545454546,
      "procedural": 0.573
    },
    "intermediate": {
      "functional": 0.59528,
      "object_oriented": 0.6930000000000001,
      "procedural": 0.53638
    },
    "advanced": {
      "functional": 0.5744489795918367,
      "object_oriented": 0.6799489795918368,
      "procedural": 0.5178061224489796
    },
    "expert": {
      "functional": 0.621125,
      "object_oriented": 0.712125,
      "procedural": 0.5856250000000001
    }
  }
}