session_id,participant_id,experience_level,programming_paradigm,programming_language,code_comprehension_time_ms,active_review_time_ms,total_session_time_ms,defects_identified_count,total_possible_defects,defect_detection_rate,comprehension_accuracy,review_comments_count,code_navigation_events,focus_shift_count,session_date,session_sequence
S0001,df1e40051eff4bcf,beginner,object_oriented,Java,56538,154944,211482,2,5,0.533,0.796,7,19,6,2024-06-15,1
S0002,df1e40051eff4bcf,beginner,object_oriented,Java,61439,128712,190151,3,5,0.753,0.636,7,8,5,2024-06-09,2
S0003,df1e40051eff4bcf,beginner,functional,JavaScript,42663,60898,103561,2,5,0.58,0.616,9,23,7,2024-06-11,1
S0004,df1e40051eff4bcf,beginner,functional,JavaScript,14137,115836,129973,2,5,0.533,0.683,3,15,3,2024-02-20,2
S0005,df1e40051eff4bcf,beginner,procedural,C,48147,120953,169100,2,5,0.445,0.715,8,18,8,2024-01-24,1
S0006,df1e40051eff4bcf,beginner,procedural,C,72544,113153,185698,3,5,0.636,0.515,10,18,7,2024-03-21,2
S0007,eea502719605f8ec,beginner,object_oriented,Java,29989,84518,114508,3,5,0.668,0.421,4,17,7,2024-01-15,1
S0008,eea502719605f8ec,beginner,object_oriented,Java,31992,80912,112904,3,5,0.775,0.375,4,19,5,2024-03-04,2
S0009,eea502719605f8ec,beginner,functional,JavaScript,10916,85785,96701,2,5,0.584,0.58,9,12,7,2024-03-19,1
S0010,eea502719605f8ec,beginner,functional,JavaScript,12964,89041,102005,2,5,0.578,0.6,2,12,2,2024-02-10,2
S0011,eea502719605f8ec,beginner,procedural,C,31654,117410,149064,2,5,0.573,0.735,10,16,5,2024-06-08,1
S0012,eea502719605f8ec,beginner,procedural,C,53230,156470,209700,3,5,0.641,0.535,4,17,5,2024-03-30,2
S0013,12061cdd9a5c92ac,intermediate,object_oriented,Java,53726,121772,175499,4,5,0.881,0.837,6,16,6,2024-05-04,1
S0014,12061cdd9a5c92ac,intermediate,object_oriented,Java,47284,81161,128446,2,5,0.524,0.772,9,8,10,2024-03-17,2
S0015,12061cdd9a5c92ac,intermediate,functional,JavaScript,50640,56565,107205,2,5,0.48,0.858,11,17,3,2024-03-02,1
S0016,12061cdd9a5c92ac,intermediate,functional,JavaScript,28901,121448,150349,4,5,0.875,0.887,8,16,5,2024-04-28,2
S0017,12061cdd9a5c92ac,intermediate,procedural,C,55162,132344,187506,3,5,0.675,0.541,7,17,4,2024-05-21,1
S0018,12061cdd9a5c92ac,intermediate,procedural,C,51438,172393,223832,2,5,0.541,0.773,9,11,3,2024-01-19,2
S0019,00be3dd19f080c42,beginner,object_oriented,Java,57836,112352,170189,4,5,0.83,0.836,5,14,7,2024-06-23,1
S0020,00be3dd19f080c42,beginner,object_oriented,Java,21728,103988,125716,4,5,0.842,0.592,13,9,8,2024-05-14,2
S0021,00be3dd19f080c42,beginner,functional,JavaScript,19449,117901,137351,1,5,0.273,0.97,5,16,4,2024-05-14,1
S0022,00be3dd19f080c42,beginner,functional,JavaScript,33510,164549,198059,1,5,0.206,0.438,14,18,3,2024-01-24,2
S0023,00be3dd19f080c42,beginner,procedural,C,64591,147698,212290,2,5,0.517,0.757,4,12,7,2024-05-19,1
S0024,00be3dd19f080c42,beginner,procedural,C,61439,167415,228854,2,5,0.54,0.726,8,20,6,2024-06-13,2
S0025,e370b726b942a9ef,intermediate,object_oriented,Java,30745,97915,128660,3,5,0.651,0.788,8,13,7,2024-02-12,1
S0026,e370b726b942a9ef,intermediate,object_oriented,Java,43751,142969,186720,2,5,0.588,0.744,8,18,6,2024-04-14,2
S0027,e370b726b942a9ef,intermediate,functional,JavaScript,40808,125878,166687,4,5,0.908,0.765,9,15,3,2024-05-30,1
S0028,e370b726b942a9ef,intermediate,functional,JavaScript,54424,43283,97708,3,5,0.68,0.545,4,13,7,2024-05-20,2
S0029,e370b726b942a9ef,intermediate,procedural,C,52053,128370,180424,3,5,0.621,0.743,6,15,6,2024-06-21,1
S0030,e370b726b942a9ef,intermediate,procedural,C,51774,95436,147211,2,5,0.44,0.842,8,14,9,2024-01-11,2
S0031,7da069eca0948d1f,advanced,object_oriented,Java,44058,58940,102998,2,5,0.488,0.737,6,12,0,2024-01-17,1
S0032,7da069eca0948d1f,advanced,object_oriented,Java,39068,111450,150519,3,5,0.618,0.742,9,18,6,2024-02-29,2
S0033,7da069eca0948d1f,advanced,functional,JavaScript,30629,140349,170978,3,5,0.733,0.395,10,25,5,2024-05-26,1
S0034,7da069eca0948d1f,advanced,functional,JavaScript,35493,90372,125865,3,5,0.648,0.542,5,19,11,2024-01-02,2
S0035,7da069eca0948d1f,advanced,procedural,C,36520,170168,206689,3,5,0.602,0.651,6,13,10,2024-06-09,1
S0036,7da069eca0948d1f,advanced,procedural,C,56681,102946,159627,2,5,0.476,0.823,5,8,2,2024-01-03,2
S0037,742fe1df5696bdb8,beginner,object_oriented,Java,54104,138140,192245,3,5,0.736,0.492,11,10,8,2024-03-22,1
S0038,742fe1df5696bdb8,beginner,object_oriented,Java,59450,153652,213103,2,5,0.514,0.615,11,14,5,2024-03-01,2
S0039,742fe1df5696bdb8,beginner,functional,JavaScript,19610,54041,73651,2,5,0.477,0.588,8,10,4,2024-03-13,1
S0040,742fe1df5696bdb8,beginner,functional,JavaScript,49375,127660,177036,4,5,0.837,0.702,8,13,10,2024-01-09,2
S0041,742fe1df5696bdb8,beginner,procedural,C,70896,126513,197410,3,5,0.736,0.904,1,13,2,2024-04-25,1
S0042,742fe1df5696bdb8,beginner,procedural,C,37961,133776,171737,3,5,0.702,0.814,9,13,8,2024-03-16,2
S0043,e16c9047240f1c1c,intermediate,object_oriented,Java,42259,101813,144073,5,5,1.0,0.669,7,13,4,2024-02-09,1
S0044,e16c9047240f1c1c,intermediate,object_oriented,Java,44640,111253,155893,3,5,0.783,0.594,10,14,11,2024-05-30,2
S0045,e16c9047240f1c1c,intermediate,functional,JavaScript,38950,107248,146199,4,5,0.832,0.653,10,19,7,2024-03-20,1
S0046,e16c9047240f1c1c,intermediate,functional,JavaScript,31923,107189,139112,2,5,0.562,0.77,10,15,7,2024-03-22,2
S0047,e16c9047240f1c1c,intermediate,procedural,C,49470,71749,121220,3,5,0.769,0.797,4,13,3,2024-03-16,1
S0048,e16c9047240f1c1c,intermediate,procedural,C,63408,112194,175603,2,5,0.548,0.447,15,11,7,2024-03-18,2
S0049,28c093421a0d7dfb,intermediate,object_oriented,Java,60076,79119,139196,4,5,0.945,0.517,8,17,6,2024-05-10,1
S0050,28c093421a0d7dfb,intermediate,object_oriented,Java,61792,169119,230912,3,5,0.641,0.629,3,13,4,2024-06-28,2
S0051,28c093421a0d7dfb,intermediate,functional,JavaScript,42809,111432,154242,1,5,0.379,0.766,11,11,5,2024-02-09,1
S0052,28c093421a0d7dfb,intermediate,functional,JavaScript,29807,143975,173783,4,5,0.963,0.542,8,16,8,2024-06-28,2
S0053,28c093421a0d7dfb,intermediate,procedural,C,63717,146589,210307,1,5,0.393,0.458,8,18,5,2024-02-08,1
S0054,28c093421a0d7dfb,intermediate,procedural,C,46529,89216,135745,4,5,0.853,0.509,9,9,4,2024-02-16,2
S0055,229921285c7e2e77,advanced,object_oriented,Java,35289,124385,159674,4,5,0.823,0.782,9,16,9,2024-05-26,1
S0056,229921285c7e2e77,advanced,object_oriented,Java,42319,173135,215454,4,5,0.841,0.876,6,12,2,2024-04-08,2
S0057,229921285c7e2e77,advanced,functional,JavaScript,23307,82591,105899,4,5,0.93,0.645,8,12,3,2024-01-06,1
S0058,229921285c7e2e77,advanced,functional,JavaScript,29938,92927,122865,1,5,0.332,0.788,11,18,4,2024-02-18,2
S0059,229921285c7e2e77,advanced,procedural,C,45794,166453,212247,2,5,0.524,0.747,13,15,9,2024-03-17,1
S0060,229921285c7e2e77,advanced,procedural,C,44480,138934,183414,1,5,0.354,0.531,7,15,6,2024-01-21,2
S0061,9c5cbd6619d086c8,advanced,object_oriented,Java,73272,149822,223095,3,5,0.753,0.579,6,20,3,2024-06-01,1
S0062,9c5cbd6619d086c8,advanced,object_oriented,Java,27105,91084,118189,4,5,0.857,0.849,5,24,4,2024-03-10,2
S0063,9c5cbd6619d086c8,advanced,functional,JavaScript,16165,106502,122668,3,5,0.69,0.868,9,18,10,2024-03-26,1
S0064,9c5cbd6619d086c8,advanced,functional,JavaScript,38852,48563,87416,2,5,0.485,0.694,6,8,4,2024-06-20,2
S0065,9c5cbd6619d086c8,advanced,procedural,C,35658,106785,142443,2,5,0.475,0.498,7,9,7,2024-03-21,1
S0066,9c5cbd6619d086c8,advanced,procedural,C,46934,117649,164583,2,5,0.512,0.469,10,14,3,2024-05-26,2
S0067,8210e0dac999e3d2,intermediate,object_oriented,Java,39338,87920,127258,2,5,0.594,0.79,10,15,5,2024-05-21,1
S0068,8210e0dac999e3d2,intermediate,object_oriented,Java,54053,167810,221864,3,5,0.72,0.685,9,12,6,2024-04-05,2
S0069,8210e0dac999e3d2,intermediate,functional,JavaScript,64455,95275,159731,3,5,0.728,0.437,12,12,10,2024-02-18,1
S0070,8210e0dac999e3d2,intermediate,functional,JavaScript,14473,87675,102149,2,5,0.454,0.497,4,19,5,2024-03-28,2
S0071,8210e0dac999e3d2,intermediate,procedural,C,51118,135827,186945,2,5,0.515,0.787,10,17,3,2024-02-28,1
S0072,8210e0dac999e3d2,intermediate,procedural,C,45996,148336,194332,2,5,0.506,0.641,7,14,4,2024-05-08,2
S0073,c81c6cd760737847,intermediate,object_oriented,Java,58483,111823,170306,4,5,0.858,0.562,10,15,4,2024-03-28,1
S0074,c81c6cd760737847,intermediate,object_oriented,Java,42975,167801,210776,3,5,0.658,0.772,5,21,4,2024-02-25,2
S0075,c81c6cd760737847,intermediate,functional,JavaScript,25979,84969,110949,2,5,0.59,0.768,7,16,7,2024-03-17,1
S0076,c81c6cd760737847,intermediate,functional,JavaScript,10000,160372,170372,2,5,0.463,0.762,6,12,4,2024-01-19,2
S0077,c81c6cd760737847,intermediate,procedural,C,51802,131932,183734,2,5,0.504,0.572,7,20,1,2024-04-11,1
S0078,c81c6cd760737847,intermediate,procedural,C,76049,66674,142723,2,5,0.565,0.568,6,13,9,2024-01-23,2
S0079,dfddddbab6261088,intermediate,object_oriented,Java,39586,111356,150943,3,5,0.605,0.565,9,12,4,2024-06-16,1
S0080,dfddddbab6261088,intermediate,object_oriented,Java,50493,100849,151343,2,5,0.471,0.549,11,19,6,2024-06-07,2
S0081,dfddddbab6261088,intermediate,functional,JavaScript,44956,111871,156827,3,5,0.706,0.716,5,14,2,2024-01-13,1
S0082,dfddddbab6261088,intermediate,functional,JavaScript,27295,108319,135614,2,5,0.439,0.772,7,13,8,2024-03-12,2
S0083,dfddddbab6261088,intermediate,procedural,C,68186,146802,214988,2,5,0.497,0.808,7,8,3,2024-02-15,1
S0084,dfddddbab6261088,intermediate,procedural,C,61084,94801,155886,3,5,0.642,0.504,5,22,4,2024-02-25,2
S0085,cb84c57cb83391bd,intermediate,object_oriented,Java,46416,157111,203528,3,5,0.659,0.695,7,15,1,2024-06-06,1
S0086,cb84c57cb83391bd,intermediate,object_oriented,Java,48677,85871,134548,2,5,0.508,0.613,12,10,4,2024-06-28,2
S0087,cb84c57cb83391bd,intermediate,functional,JavaScript,56437,121204,177641,2,5,0.546,0.645,13,18,5,2024-03-13,1
S0088,cb84c57cb83391bd,intermediate,functional,JavaScript,29980,145753,175734,2,5,0.555,0.591,8,18,6,2024-04-16,2
S0089,cb84c57cb83391bd,intermediate,procedural,C,64374,122323,186697,3,5,0.605,0.902,10,9,1,2024-05-26,1
S0090,cb84c57cb83391bd,intermediate,procedural,C,45015,136793,181808,3,5,0.696,0.549,12,16,11,2024-01-19,2
S0091,781b0d6961a43ca4,intermediate,object_oriented,Java,68523,66528,135051,2,5,0.572,0.618,9,24,4,2024-04-15,1
S0092,781b0d6961a43ca4,intermediate,object_oriented,Java,42804,121836,164640,1,5,0.364,0.683,18,18,2,2024-06-05,2
S0093,781b0d6961a43ca4,intermediate,functional,JavaScript,51905,118085,169991,2,5,0.518,0.534,10,9,6,2024-05-30,1
S0094,781b0d6961a43ca4,intermediate,functional,JavaScript,42822,110358,153180,2,5,0.551,0.639,9,14,3,2024-01-27,2
S0095,781b0d6961a43ca4,intermediate,procedural,C,67838,143437,211276,2,5,0.475,0.523,6,16,9,2024-03-31,1
S0096,781b0d6961a43ca4,intermediate,procedural,C,41701,176473,218175,3,5,0.603,0.495,12,13,5,2024-03-21,2
S0097,b61214da6d3cdcba,advanced,object_oriented,Java,33071,143974,177046,4,5,0.972,0.531,9,11,7,2024-01-26,1
S0098,b61214da6d3cdcba,advanced,object_oriented,Java,54553,96658,151212,3,5,0.716,0.58,5,13,6,2024-01-25,2
S0099,b61214da6d3cdcba,advanced,functional,JavaScript,12181,93042,105224,2,5,0.46,0.758,7,11,1,2024-05-19,1
S0100,b61214da6d3cdcba,advanced,functional,JavaScript,20148,136762,156911,5,5,1.0,0.718,8,18,8,2024-01-24,2
S0101,b61214da6d3cdcba,advanced,procedural,C,52250,85780,138031,2,5,0.588,0.641,11,11,4,2024-02-15,1
S0102,b61214da6d3cdcba,advanced,procedural,C,59951,108514,168466,3,5,0.741,0.778,3,16,4,2024-01-30,2
S0103,187133557a1ee563,advanced,object_oriented,Java,48080,95024,143105,3,5,0.737,0.625,10,12,5,2024-04-15,1
S0104,187133557a1ee563,advanced,object_oriented,Java,42617,82052,124669,3,5,0.727,0.757,3,19,8,2024-05-02,2
S0105,187133557a1ee563,advanced,functional,JavaScript,23485,30000,53485,1,5,0.393,0.552,8,20,5,2024-02-18,1
S0106,187133557a1ee563,advanced,functional,JavaScript,18786,145503,164289,2,5,0.574,0.67,7,18,9,2024-02-05,2
S0107,187133557a1ee563,advanced,procedural,C,63373,143715,207089,2,5,0.488,0.765,6,14,6,2024-04-05,1
S0108,187133557a1ee563,advanced,procedural,C,55685,166750,222436,3,5,0.644,0.736,13,12,5,2024-01-07,2
S0109,2557a236b7647671,intermediate,object_oriented,Java,63724,113285,177009,3,5,0.718,0.794,10,15,9,2024-05-31,1
S0110,2557a236b7647671,intermediate,object_oriented,Java,33036,105728,138764,2,5,0.548,0.774,4,24,5,2024-02-08,2
S0111,2557a236b7647671,intermediate,functional,JavaScript,30299,95464,125763,1,5,0.245,0.898,12,13,5,2024-05-24,1
S0112,2557a236b7647671,intermediate,functional,JavaScript,26186,71164,97350,1,5,0.393,0.718,5,19,7,2024-06-15,2
S0113,2557a236b7647671,intermediate,procedural,C,36132,176940,213073,2,5,0.535,0.877,10,15,9,2024-02-18,1
S0114,2557a236b7647671,intermediate,procedural,C,53658,120320,173978,2,5,0.562,0.554,6,12,2,2024-02-22,2
S0115,eb6704fd5bde47e7,advanced,object_oriented,Java,44533,105096,149630,2,5,0.483,0.51,7,15,4,2024-05-06,1
S0116,eb6704fd5bde47e7,advanced,object_oriented,Java,36540,131857,168398,3,5,0.695,0.519,10,14,5,2024-03-14,2
S0117,eb6704fd5bde47e7,advanced,functional,JavaScript,25346,123951,149298,2,5,0.448,0.962,8,10,7,2024-05-03,1
S0118,eb6704fd5bde47e7,advanced,functional,JavaScript,28433,107071,135505,2,5,0.563,0.95,7,12,11,2024-06-26,2
S0119,eb6704fd5bde47e7,advanced,procedural,C,46160,176940,223101,2,5,0.517,0.641,2,15,5,2024-02-15,1
S0120,eb6704fd5bde47e7,advanced,procedural,C,44152,154849,199001,2,5,0.593,0.975,8,17,8,2024-01-25,2
S0121,ba0707856b787b20,intermediate,object_oriented,Java,48874,150594,199469,4,5,0.951,0.906,8,10,3,2024-04-05,1
S0122,ba0707856b787b20,intermediate,object_oriented,Java,38902,137622,176525,3,5,0.665,0.773,7,8,6,2024-02-24,2
S0123,ba0707856b787b20,intermediate,functional,JavaScript,42696,73169,115865,2,5,0.435,0.788,4,20,5,2024-02-14,1
S0124,ba0707856b787b20,intermediate,functional,JavaScript,31962,79584,111547,2,5,0.525,0.581,11,15,5,2024-04-14,2
S0125,ba0707856b787b20,intermediate,procedural,C,53737,145988,199726,2,5,0.467,0.768,7,21,6,2024-05-21,1
S0126,ba0707856b787b20,intermediate,procedural,C,43991,147044,191035,1,5,0.359,0.576,7,16,4,2024-03-31,2
S0127,8b676e88f6229cd4,intermediate,object_oriented,Java,38071,118651,156723,2,5,0.554,0.991,10,12,7,2024-05-08,1
S0128,8b676e88f6229cd4,intermediate,object_oriented,Java,66577,163166,229744,2,5,0.591,0.691,2,8,11,2024-03-26,2
S0129,8b676e88f6229cd4,intermediate,functional,JavaScript,25083,64906,89989,3,5,0.703,0.658,13,14,6,2024-03-28,1
S0130,8b676e88f6229cd4,intermediate,functional,JavaScript,53460,108788,162249,4,5,0.878,0.937,12,7,5,2024-04-16,2
S0131,8b676e88f6229cd4,intermediate,procedural,C,51026,127854,178880,2,5,0.529,0.84,8,6,5,2024-05-07,1
S0132,8b676e88f6229cd4,intermediate,procedural,C,60701,125461,186163,2,5,0.559,0.903,11,15,9,2024-05-25,2
S0133,a638ecc641a4af43,intermediate,object_oriented,Java,37212,112102,149314,4,5,0.958,0.749,10,19,8,2024-02-18,1
S0134,a638ecc641a4af43,intermediate,object_oriented,Java,39193,95870,135063,2,5,0.579,0.529,11,14,7,2024-06-19,2
S0135,a638ecc641a4af43,intermediate,functional,JavaScript,21380,56043,77423,3,5,0.607,0.314,12,12,3,2024-05-12,1
S0136,a638ecc641a4af43,intermediate,functional,JavaScript,10000,56754,66754,4,5,0.812,0.45,9,19,4,2024-03-19,2
S0137,a638ecc641a4af43,intermediate,procedural,C,27897,135250,163147,2,5,0.523,0.668,17,11,5,2024-02-12,1
S0138,a638ecc641a4af43,intermediate,procedural,C,54740,143360,198101,3,5,0.627,0.929,6,17,9,2024-01-09,2
S0139,e139449151ec5d59,advanced,object_oriented,Java,57787,129841,187629,2,5,0.536,0.942,6,22,7,2024-03-15,1
S0140,e139449151ec5d59,advanced,object_oriented,Java,50228,132609,182837,2,5,0.523,0.594,6,13,8,2024-01-14,2
S0141,e139449151ec5d59,advanced,functional,JavaScript,36360,143914,180274,2,5,0.502,0.772,9,12,4,2024-01-02,1
S0142,e139449151ec5d59,advanced,functional,JavaScript,29602,167155,196757,4,5,0.907,0.852,5,9,3,2024-04-16,2
S0143,e139449151ec5d59,advanced,procedural,C,61363,178215,239579,3,5,0.67,0.331,9,16,7,2024-01-11,1
S0144,e139449151ec5d59,advanced,procedural,C,43641,133787,177429,3,5,0.736,0.675,2,14,1,2024-02-19,2
S0145,82952e00c26e8d55,intermediate,object_oriented,Java,43648,147466,191115,3,5,0.751,0.596,9,13,2,2024-05-03,1
S0146,82952e00c26e8d55,intermediate,object_oriented,Java,46299,37825,84125,2,5,0.548,0.786,10,19,7,2024-01-01,2
S0147,82952e00c26e8d55,intermediate,functional,JavaScript,10000,107233,117233,3,5,0.634,0.735,10,17,5,2024-01-26,1
S0148,82952e00c26e8d55,intermediate,functional,JavaScript,39142,148722,187865,3,5,0.631,0.507,6,15,6,2024-05-11,2
S0149,82952e00c26e8d55,intermediate,procedural,C,36080,141700,177781,3,5,0.603,0.752,10,16,3,2024-04-22,1
S0150,82952e00c26e8d55,intermediate,procedural,C,60647,136863,197511,2,5,0.598,0.659,11,12,9,2024-03-13,2
S0151,55ec00dcf2e3975b,intermediate,object_oriented,Java,31812,110684,142497,3,5,0.8,0.779,7,11,6,2024-05-13,1
S0152,55ec00dcf2e3975b,intermediate,object_oriented,Java,47158,62955,110114,2,5,0.545,0.74,11,11,7,2024-04-01,2
S0153,55ec00dcf2e3975b,intermediate,functional,JavaScript,40626,114236,154863,4,5,0.838,0.944,13,15,7,2024-04-11,1
S0154,55ec00dcf2e3975b,intermediate,functional,JavaScript,28684,126028,154713,2,5,0.421,0.755,9,14,5,2024-05-13,2
S0155,55ec00dcf2e3975b,intermediate,procedural,C,45565,94730,140296,3,5,0.633,0.866,7,20,12,2024-06-10,1
S0156,55ec00dcf2e3975b,intermediate,procedural,C,41135,153704,194839,2,5,0.511,0.579,9,18,3,2024-06-19,2
S0157,7e1080f1889d6fe4,intermediate,object_oriented,Java,20714,174448,195163,2,5,0.481,0.635,8,12,6,2024-04-23,1
S0158,7e1080f1889d6fe4,intermediate,object_oriented,Java,38478,94138,132617,3,5,0.636,0.609,7,14,1,2024-01-15,2
S0159,7e1080f1889d6fe4,intermediate,functional,JavaScript,18870,70758,89629,2,5,0.525,0.768,8,11,8,2024-05-06,1
S0160,7e1080f1889d6fe4,intermediate,functional,JavaScript,55437,113351,168788,2,5,0.424,0.629,9,18,1,2024-06-08,2
S0161,7e1080f1889d6fe4,intermediate,procedural,C,56138,79438,135576,2,5,0.485,0.669,6,19,8,2024-05-31,1
S0162,7e1080f1889d6fe4,intermediate,procedural,C,55481,147502,202983,3,5,0.747,0.655,4,12,4,2024-04-18,2
S0163,ec4c605b3261ffe1,expert,object_oriented,Java,50973,154072,205045,3,5,0.725,0.875,4,25,5,2024-04-29,1
S0164,ec4c605b3261ffe1,expert,object_oriented,Java,21009,122555,143565,3,5,0.792,0.639,8,16,8,2024-02-22,2
S0165,ec4c605b3261ffe1,expert,functional,JavaScript,50644,172005,222649,3,5,0.782,0.908,6,12,7,2024-06-25,1
S0166,ec4c605b3261ffe1,expert,functional,JavaScript,42487,91868,134355,2,5,0.599,0.674,19,11,9,2024-05-05,2
S0167,ec4c605b3261ffe1,expert,procedural,C,63534,149785,213319,1,5,0.327,0.687,7,14,6,2024-04-07,1
S0168,ec4c605b3261ffe1,expert,procedural,C,59923,145126,205049,2,5,0.463,0.56,11,24,4,2024-03-16,2
S0169,15b0ad5dcde97fde,advanced,object_oriented,Java,50866,155860,206726,3,5,0.697,0.3,11,17,4,2024-03-15,1
S0170,15b0ad5dcde97fde,advanced,object_oriented,Java,51585,96780,148365,3,5,0.734,0.665,9,16,1,2024-02-19,2
S0171,15b0ad5dcde97fde,advanced,functional,JavaScript,66448,158629,225077,1,5,0.333,0.687,9,12,2,2024-02-13,1
S0172,15b0ad5dcde97fde,advanced,functional,JavaScript,52631,136897,189528,3,5,0.659,0.864,12,17,5,2024-02-07,2
S0173,15b0ad5dcde97fde,advanced,procedural,C,35167,130236,165404,3,5,0.664,0.553,11,16,7,2024-01-16,1
S0174,15b0ad5dcde97fde,advanced,procedural,C,53400,148501,201902,1,5,0.367,0.601,6,14,8,2024-05-30,2
S0175,4da908e404efb35f,beginner,object_oriented,Java,48884,106994,155878,1,5,0.366,0.88,4,20,7,2024-02-19,1
S0176,4da908e404efb35f,beginner,object_oriented,Java,45939,173953,219893,4,5,0.834,0.438,16,16,6,2024-03-16,2
S0177,4da908e404efb35f,beginner,functional,JavaScript,41186,70282,111468,4,5,0.865,0.744,6,16,5,2024-06-27,1
S0178,4da908e404efb35f,beginner,functional,JavaScript,46965,132566,179532,2,5,0.541,0.741,5,19,6,2024-03-28,2
S0179,4da908e404efb35f,beginner,procedural,C,60126,132772,192898,2,5,0.477,0.618,5,14,4,2024-01-01,1
S0180,4da908e404efb35f,beginner,procedural,C,44261,100994,145255,2,5,0.475,0.68,3,15,3,2024-05-27,2
S0181,613c4bb8c11768c3,advanced,object_oriented,Java,49497,108037,157534,3,5,0.617,0.982,10,12,4,2024-06-05,1
S0182,613c4bb8c11768c3,advanced,object_oriented,Java,54937,82733,137670,5,5,1.0,0.798,4,14,5,2024-06-03,2
S0183,613c4bb8c11768c3,advanced,functional,JavaScript,10000,105439,115439,2,5,0.464,0.601,9,11,11,2024-01-31,1
S0184,613c4bb8c11768c3,advanced,functional,JavaScript,51392,146877,198269,1,5,0.3,0.593,12,20,13,2024-05-14,2
S0185,613c4bb8c11768c3,advanced,procedural,C,29728,92465,122193,1,5,0.276,0.661,2,20,5,2024-04-06,1
S0186,613c4bb8c11768c3,advanced,procedural,C,47283,182581,229865,1,5,0.399,0.559,5,23,9,2024-01-22,2
S0187,ddcfce2f93176896,intermediate,object_oriented,Java,39474,176293,215767,4,5,0.802,0.509,9,13,3,2024-03-18,1
S0188,ddcfce2f93176896,intermediate,object_oriented,Java,45690,118993,164683,3,5,0.732,0.539,10,16,5,2024-04-23,2
S0189,ddcfce2f93176896,intermediate,functional,JavaScript,13482,30000,43482,3,5,0.696,0.608,11,18,5,2024-01-09,1
S0190,ddcfce2f93176896,intermediate,functional,JavaScript,37676,147666,185343,3,5,0.723,0.513,8,8,5,2024-01-03,2
S0191,ddcfce2f93176896,intermediate,procedural,C,48034,101965,150000,2,5,0.528,0.777,7,17,8,2024-03-31,1
S0192,ddcfce2f93176896,intermediate,procedural,C,40565,135335,175901,2,5,0.431,0.521,5,25,5,2024-02-16,2
S0193,e95b160216340ff3,intermediate,object_oriented,Java,40276,129251,169527,4,5,0.884,0.657,9,13,3,2024-05-11,1
S0194,e95b160216340ff3,intermediate,object_oriented,Java,27382,154692,182075,4,5,0.832,0.791,6,16,6,2024-04-06,2
S0195,e95b160216340ff3,intermediate,functional,JavaScript,40825,146850,187675,2,5,0.446,0.603,14,16,1,2024-05-04,1
S0196,e95b160216340ff3,intermediate,functional,JavaScript,12610,119923,132534,3,5,0.737,0.549,12,10,5,2024-04-07,2
S0197,e95b160216340ff3,intermediate,procedural,C,47864,137407,185272,1,5,0.379,0.706,8,17,4,2024-01-25,1
S0198,e95b160216340ff3,intermediate,procedural,C,52384,104775,157159,1,5,0.242,0.926,7,12,6,2024-03-20,2
S0199,77b75dd96f8d80d2,intermediate,object_oriented,Java,30965,161953,192919,3,5,0.612,0.503,10,17,6,2024-04-15,1
S0200,77b75dd96f8d80d2,intermediate,object_oriented,Java,67267,117673,184940,4,5,0.919,0.645,10,12,2,2024-04-21,2
S0201,77b75dd96f8d80d2,intermediate,functional,JavaScript,61215,73538,134754,2,5,0.506,0.882,7,15,7,2024-01-12,1
S0202,77b75dd96f8d80d2,intermediate,functional,JavaScript,33793,124921,158714,1,5,0.374,0.648,7,8,7,2024-01-22,2
S0203,77b75dd96f8d80d2,intermediate,procedural,C,62989,131376,194365,2,5,0.535,0.656,11,17,5,2024-04-09,1
S0204,77b75dd96f8d80d2,intermediate,procedural,C,49697,139958,189655,3,5,0.71,0.671,10,14,6,2024-05-03,2
S0205,ff094f4279480d9b,intermediate,object_oriented,Java,39239,104351,143590,2,5,0.502,0.923,5,11,6,2024-02-20,1
S0206,ff094f4279480d9b,intermediate,object_oriented,Java,51220,80681,131901,2,5,0.532,0.608,12,12,3,2024-04-01,2
S0207,ff094f4279480d9b,intermediate,functional,JavaScript,51045,164892,215938,3,5,0.651,0.403,5,21,1,2024-02-09,1
S0208,ff094f4279480d9b,intermediate,functional,JavaScript,33087,156251,189338,2,5,0.582,0.701,6,9,7,2024-03-15,2
S0209,ff094f4279480d9b,intermediate,procedural,C,60418,144753,205171,1,5,0.341,0.577,7,12,5,2024-04-15,1
S0210,ff094f4279480d9b,intermediate,procedural,C,46175,135197,181373,2,5,0.545,0.532,10,14,5,2024-03-22,2
S0211,7ff62ef3c7ffe462,beginner,object_oriented,Java,41931,168215,210146,3,5,0.683,0.552,7,12,11,2024-01-31,1
S0212,7ff62ef3c7ffe462,beginner,object_oriented,Java,56686,110421,167107,4,5,0.895,0.678,10,15,5,2024-01-09,2
S0213,7ff62ef3c7ffe462,beginner,functional,JavaScript,32533,98120,130653,4,5,0.84,0.665,10,9,4,2024-03-15,1
S0214,7ff62ef3c7ffe462,beginner,functional,JavaScript,27808,87755,115563,1,5,0.3,0.759,7,13,5,2024-01-09,2
S0215,7ff62ef3c7ffe462,beginner,procedural,C,61634,93369,155003,3,5,0.627,0.722,9,17,7,2024-02-05,1
S0216,7ff62ef3c7ffe462,beginner,procedural,C,60144,149942,210086,3,5,0.799,0.746,7,21,5,2024-01-07,2
S0217,b975733e6ca40ea4,intermediate,object_oriented,Java,46003,103979,149983,2,5,0.461,0.3,9,15,8,2024-05-06,1
S0218,b975733e6ca40ea4,intermediate,object_oriented,Java,38276,147868,186145,3,5,0.673,0.7,6,14,6,2024-05-05,2
S0219,b975733e6ca40ea4,intermediate,functional,JavaScript,10209,155701,165911,1,5,0.387,0.684,8,19,6,2024-01-23,1
S0220,b975733e6ca40ea4,intermediate,functional,JavaScript,10000,74416,84416,2,5,0.48,0.882,9,19,4,2024-05-26,2
S0221,b975733e6ca40ea4,intermediate,procedural,C,41806,120319,162126,2,5,0.542,0.761,9,17,4,2024-05-28,1
S0222,b975733e6ca40ea4,intermediate,procedural,C,68925,141969,210895,2,5,0.411,0.655,6,11,7,2024-05-18,2
S0223,139e07576e47375d,advanced,object_oriented,Java,30666,122391,153058,3,5,0.672,0.902,7,22,6,2024-04-06,1
S0224,139e07576e47375d,advanced,object_oriented,Java,46177,149795,195972,3,5,0.606,0.552,9,16,4,2024-01-06,2
S0225,139e07576e47375d,advanced,functional,JavaScript,51174,52195,103369,2,5,0.489,0.545,9,17,3,2024-01-31,1
S0226,139e07576e47375d,advanced,functional,JavaScript,50604,161282,211886,2,5,0.433,0.601,12,15,3,2024-01-29,2
S0227,139e07576e47375d,advanced,procedural,C,65056,156416,221472,2,5,0.459,0.74,6,13,5,2024-01-02,1
S0228,139e07576e47375d,advanced,procedural,C,56327,156611,212938,3,5,0.716,0.793,9,16,6,2024-06-25,2
S0229,b4710f35fb64eeff,intermediate,object_oriented,Java,48437,62297,110735,5,5,1.0,1.0,6,17,2,2024-01-01,1
S0230,b4710f35fb64eeff,intermediate,object_oriented,Java,48252,89878,138130,3,5,0.753,0.581,4,25,8,2024-06-12,2
S0231,b4710f35fb64eeff,intermediate,functional,JavaScript,25792,158389,184181,3,5,0.624,0.998,10,12,3,2024-02-02,1
S0232,b4710f35fb64eeff,intermediate,functional,JavaScript,42654,72542,115196,3,5,0.672,0.4,7,18,8,2024-01-27,2
S0233,b4710f35fb64eeff,intermediate,procedural,C,72035,120690,192726,1,5,0.37,0.533,8,13,9,2024-03-24,1
S0234,b4710f35fb64eeff,intermediate,procedural,C,54334,157023,211358,2,5,0.482,0.858,7,17,6,2024-01-10,2
S0235,73ce5a752047b894,expert,object_oriented,Java,40403,137862,178265,3,5,0.794,0.748,7,15,7,2024-01-29,1
S0236,73ce5a752047b894,expert,object_oriented,Java,31761,83985,115747,3,5,0.768,0.845,10,18,5,2024-04-30,2
S0237,73ce5a752047b894,expert,functional,JavaScript,29567,106475,136042,3,5,0.667,0.792,12,15,7,2024-03-16,1
S0238,73ce5a752047b894,expert,functional,JavaScript,43725,128433,172159,2,5,0.451,0.696,9,13,6,2024-01-27,2
S0239,73ce5a752047b894,expert,procedural,C,50426,132728,183154,2,5,0.557,0.687,11,29,3,2024-05-19,1
S0240,73ce5a752047b894,expert,procedural,C,72529,149250,221779,3,5,0.683,0.758,14,11,1,2024-01-24,2
S0241,6b886c76a1e4005a,intermediate,object_oriented,Java,52426,169793,222219,3,5,0.622,0.509,9,13,6,2024-02-05,1
S0242,6b886c76a1e4005a,intermediate,object_oriented,Java,44096,142573,186669,2,5,0.534,0.668,13,21,9,2024-03-27,2
S0243,6b886c76a1e4005a,intermediate,functional,JavaScript,25291,75157,100449,1,5,0.314,0.918,8,15,3,2024-04-18,1
S0244,6b886c76a1e4005a,intermediate,functional,JavaScript,46117,177470,223588,3,5,0.737,0.919,5,20,4,2024-01-22,2
S0245,6b886c76a1e4005a,intermediate,procedural,C,63669,85459,149128,3,5,0.652,0.932,7,17,5,2024-01-01,1
S0246,6b886c76a1e4005a,intermediate,procedural,C,65056,94112,159169,2,5,0.428,0.503,9,12,3,2024-02-20,2
S0247,c5929c6f695e38df,intermediate,object_oriented,Java,18496,134207,152703,3,5,0.692,0.449,4,12,7,2024-05-23,1
S0248,c5929c6f695e38df,intermediate,object_oriented,Java,30795,106765,137561,2,5,0.58,0.738,5,17,9,2024-02-05,2
S0249,c5929c6f695e38df,intermediate,functional,JavaScript,34287,107499,141787,2,5,0.574,0.933,6,17,5,2024-03-11,1
S0250,c5929c6f695e38df,intermediate,functional,JavaScript,37916,162356,200272,1,5,0.322,0.823,5,19,1,2024-06-17,2
S0251,c5929c6f695e38df,intermediate,procedural,C,52674,159375,212049,2,5,0.469,0.757,11,14,5,2024-02-09,1
S0252,c5929c6f695e38df,intermediate,procedural,C,44337,121700,166037,2,5,0.553,0.885,6,17,7,2024-02-27,2
S0253,37be168511c40308,intermediate,object_oriented,Java,31311,111488,142800,2,5,0.591,0.926,2,15,5,2024-06-10,1
S0254,37be168511c40308,intermediate,object_oriented,Java,54084,64416,118500,3,5,0.684,0.718,6,17,6,2024-05-12,2
S0255,37be168511c40308,intermediate,functional,JavaScript,36110,192152,228262,4,5,0.816,0.453,6,22,4,2024-01-14,1
S0256,37be168511c40308,intermediate,functional,JavaScript,33199,68747,101946,3,5,0.658,0.688,12,18,7,2024-02-19,2
S0257,37be168511c40308,intermediate,procedural,C,61505,152363,213868,0,5,0.164,0.806,10,14,6,2024-05-11,1
S0258,37be168511c40308,intermediate,procedural,C,45122,123261,168383,2,5,0.476,0.83,9,14,8,2024-01-21,2
S0259,226c12b54eb4c7cf,intermediate,object_oriented,Java,44700,122511,167211,2,5,0.559,0.845,9,17,6,2024-03-24,1
S0260,226c12b54eb4c7cf,intermediate,object_oriented,Java,42608,122041,164649,4,5,0.858,0.871,6,16,2,2024-02-21,2
S0261,226c12b54eb4c7cf,intermediate,functional,JavaScript,26499,131395,157895,2,5,0.424,0.904,12,27,5,2024-03-08,1
S0262,226c12b54eb4c7cf,intermediate,functional,JavaScript,59944,105591,165536,2,5,0.478,0.626,11,22,8,2024-02-08,2
S0263,226c12b54eb4c7cf,intermediate,procedural,C,52526,112844,165370,2,5,0.57,0.702,9,21,2,2024-05-20,1
S0264,226c12b54eb4c7cf,intermediate,procedural,C,38065,152128,190194,3,5,0.665,0.658,7,12,9,2024-05-30,2
S0265,055f27046a1bc5eb,beginner,object_oriented,Java,52116,127122,179238,2,5,0.582,1.0,9,13,6,2024-02-24,1
S0266,055f27046a1bc5eb,beginner,object_oriented,Java,44283,105181,149464,3,5,0.73,0.633,13,9,4,2024-06-04,2
S0267,055f27046a1bc5eb,beginner,functional,JavaScript,27767,113207,140974,2,5,0.493,0.804,9,18,2,2024-03-25,1
S0268,055f27046a1bc5eb,beginner,functional,JavaScript,13693,94192,107886,3,5,0.651,0.953,7,11,7,2024-04-04,2
S0269,055f27046a1bc5eb,beginner,procedural,C,89317,160355,249672,2,5,0.567,0.635,8,16,5,2024-05-24,1
S0270,055f27046a1bc5eb,beginner,procedural,C,49006,123307,172314,2,5,0.424,0.975,1,13,10,2024-01-18,2
S0271,9ef0fe535b959ee3,advanced,object_oriented,Java,56012,151756,207769,1,5,0.343,0.607,6,19,6,2024-06-26,1
S0272,9ef0fe535b959ee3,advanced,object_oriented,Java,51275,134242,185518,4,5,0.821,0.692,9,12,7,2024-02-09,2
S0273,9ef0fe535b959ee3,advanced,functional,JavaScript,27685,65488,93173,2,5,0.553,0.637,8,13,3,2024-06-11,1
S0274,9ef0fe535b959ee3,advanced,functional,JavaScript,33031,124514,157546,2,5,0.6,0.839,11,14,6,2024-03-29,2
S0275,9ef0fe535b959ee3,advanced,procedural,C,63563,94927,158491,2,5,0.558,0.625,7,11,4,2024-05-18,1
S0276,9ef0fe535b959ee3,advanced,procedural,C,59373,108356,167729,1,5,0.373,0.713,8,16,9,2024-05-18,2
S0277,edcfdd8effdb90f5,intermediate,object_oriented,Java,38909,131953,170863,3,5,0.682,0.921,6,14,3,2024-03-31,1
S0278,edcfdd8effdb90f5,intermediate,object_oriented,Java,41859,165632,207491,4,5,0.935,0.654,5,14,5,2024-01-12,2
S0279,edcfdd8effdb90f5,intermediate,functional,JavaScript,33863,95609,129472,4,5,0.943,0.605,9,18,6,2024-02-12,1
S0280,edcfdd8effdb90f5,intermediate,functional,JavaScript,63290,124504,187794,3,5,0.69,0.669,14,10,14,2024-04-09,2
S0281,edcfdd8effdb90f5,intermediate,procedural,C,48138,109635,157774,3,5,0.61,0.422,5,13,5,2024-02-21,1
S0282,edcfdd8effdb90f5,intermediate,procedural,C,70718,146888,217607,2,5,0.508,0.629,11,14,6,2024-05-26,2
S0283,c385195ba2c5544f,advanced,object_oriented,Java,25417,105740,131157,3,5,0.765,0.423,3,17,6,2024-05-18,1
S0284,c385195ba2c5544f,advanced,object_oriented,Java,48375,106088,154464,3,5,0.774,0.981,9,14,5,2024-06-14,2
S0285,c385195ba2c5544f,advanced,functional,JavaScript,59946,127489,187435,1,5,0.364,0.48,7,12,5,2024-01-31,1
S0286,c385195ba2c5544f,advanced,functional,JavaScript,29792,115609,145402,2,5,0.522,0.593,4,11,9,2024-06-21,2
S0287,c385195ba2c5544f,advanced,procedural,C,49992,174140,224133,3,5,0.653,0.717,7,10,6,2024-02-06,1
S0288,c385195ba2c5544f,advanced,procedural,C,28582,136487,165069,2,5,0.483,0.711,7,15,7,2024-06-26,2
S0289,3de1343b32a5afd3,advanced,object_oriented,Java,39566,172746,212313,4,5,0.801,1.0,5,29,6,2024-04-05,1
S0290,3de1343b32a5afd3,advanced,object_oriented,Java,36725,111943,148669,3,5,0.674,0.511,8,13,3,2024-02-26,2
S0291,3de1343b32a5afd3,advanced,functional,JavaScript,22924,119135,142060,4,5,0.864,0.952,8,15,9,2024-04-20,1
S0292,3de1343b32a5afd3,advanced,functional,JavaScript,27016,50441,77457,3,5,0.767,0.886,7,16,3,2024-06-07,2
S0293,3de1343b32a5afd3,advanced,procedural,C,43313,123887,167200,2,5,0.556,0.557,6,13,4,2024-04-24,1
S0294,3de1343b32a5afd3,advanced,procedural,C,45725,118835,164560,2,5,0.581,0.61,8,25,4,2024-05-31,2
S0295,de3bc74cd869038e,advanced,object_oriented,Java,44326,131731,176057,2,5,0.488,0.725,8,9,3,2024-05-09,1
S0296,de3bc74cd869038e,advanced,object_oriented,Java,49772,90395,140168,3,5,0.696,0.836,6,17,5,2024-05-18,2
S0297,de3bc74cd869038e,advanced,functional,JavaScript,46965,106191,153156,3,5,0.621,1.0,5,12,7,2024-01-28,1
S0298,de3bc74cd869038e,advanced,functional,JavaScript,28897,30000,58897,2,5,0.422,0.529,8,15,5,2024-03-28,2
S0299,de3bc74cd869038e,advanced,procedural,C,56611,151368,207979,2,5,0.458,0.628,5,10,4,2024-03-07,1
S0300,de3bc74cd869038e,advanced,procedural,C,40907,98982,139889,3,5,0.64,0.673,5,9,3,2024-06-12,2
S0301,f2ef5fcb65d0b45d,advanced,object_oriented,Java,47551,119006,166558,4,5,0.807,0.686,6,16,6,2024-01-28,1
S0302,f2ef5fcb65d0b45d,advanced,object_oriented,Java,45429,137302,182732,2,5,0.562,0.817,9,25,9,2024-04-26,2
S0303,f2ef5fcb65d0b45d,advanced,functional,JavaScript,24289,76909,101198,3,5,0.602,0.592,11,14,6,2024-05-06,1
S0304,f2ef5fcb65d0b45d,advanced,functional,JavaScript,11466,93150,104617,1,5,0.346,0.625,11,11,3,2024-02-24,2
S0305,f2ef5fcb65d0b45d,advanced,procedural,C,54944,81511,136456,1,5,0.274,0.739,14,13,9,2024-05-25,1
S0306,f2ef5fcb65d0b45d,advanced,procedural,C,51799,145318,197118,2,5,0.43,0.654,9,17,5,2024-03-12,2
S0307,ad3bd16fbc37676c,intermediate,object_oriented,Java,45802,122752,168554,3,5,0.712,0.865,7,21,3,2024-03-13,1
S0308,ad3bd16fbc37676c,intermediate,object_oriented,Java,37623,113914,151538,3,5,0.719,0.673,6,13,8,2024-02-18,2
S0309,ad3bd16fbc37676c,intermediate,functional,JavaScript,25835,124055,149890,2,5,0.591,0.823,10,7,6,2024-02-01,1
S0310,ad3bd16fbc37676c,intermediate,functional,JavaScript,22499,72041,94541,3,5,0.642,0.776,10,20,9,2024-05-22,2
S0311,ad3bd16fbc37676c,intermediate,procedural,C,65479,164655,230134,2,5,0.428,0.3,8,14,1,2024-03-17,1
S0312,ad3bd16fbc37676c,intermediate,procedural,C,48744,65293,114037,2,5,0.484,0.564,10,17,5,2024-03-30,2
S0313,353b5d89c9c27b16,intermediate,object_oriented,Java,34557,95186,129744,3,5,0.712,0.616,8,13,6,2024-01-20,1
S0314,353b5d89c9c27b16,intermediate,object_oriented,Java,26483,119396,145880,3,5,0.613,0.551,5,17,9,2024-04-01,2
S0315,353b5d89c9c27b16,intermediate,functional,JavaScript,44069,128049,172118,4,5,0.918,0.771,8,14,4,2024-05-31,1
S0316,353b5d89c9c27b16,intermediate,functional,JavaScript,42181,130880,173062,2,5,0.462,0.626,7,17,4,2024-01-20,2
S0317,353b5d89c9c27b16,intermediate,procedural,C,64546,141018,205565,2,5,0.57,0.828,5,20,10,2024-04-27,1
S0318,353b5d89c9c27b16,intermediate,procedural,C,26787,127773,154560,2,5,0.48,0.595,5,10,6,2024-04-28,2
S0319,8e3e2c0307fee583,advanced,object_oriented,Java,41625,122862,164488,2,5,0.485,0.669,7,12,3,2024-03-14,1
S0320,8e3e2c0307fee583,advanced,object_oriented,Java,38288,177759,216048,2,5,0.567,0.713,9,13,7,2024-02-16,2
S0321,8e3e2c0307fee583,advanced,functional,JavaScript,39674,47139,86813,2,5,0.514,0.755,10,20,6,2024-03-29,1
S0322,8e3e2c0307fee583,advanced,functional,JavaScript,32056,140254,172310,3,5,0.762,0.586,5,15,9,2024-02-15,2
S0323,8e3e2c0307fee583,advanced,procedural,C,46692,141821,188513,2,5,0.412,0.521,12,15,6,2024-05-23,1
S0324,8e3e2c0307fee583,advanced,procedural,C,38564,87151,125716,3,5,0.624,0.853,9,11,3,2024-05-13,2
S0325,143ae8cee2c63f54,beginner,object_oriented,Java,41064,162849,203913,3,5,0.747,0.6,8,14,5,2024-03-10,1
S0326,143ae8cee2c63f54,beginner,object_oriented,Java,48938,136207,185146,2,5,0.585,0.853,10,13,3,2024-05-16,2
S0327,143ae8cee2c63f54,beginner,functional,JavaScript,51631,115478,167109,0,5,0.106,0.573,6,17,8,2024-02-08,1
S0328,143ae8cee2c63f54,beginner,functional,JavaScript,44104,56174,100278,3,5,0.715,0.611,11,14,7,2024-01-10,2
S0329,143ae8cee2c63f54,beginner,procedural,C,54058,123941,178000,3,5,0.696,0.738,7,17,3,2024-04-15,1
S0330,143ae8cee2c63f54,beginner,procedural,C,35791,117734,153526,2,5,0.502,0.581,5,16,2,2024-03-23,2
S0331,b843c8d0f3a844e4,expert,object_oriented,Java,60892,163899,224792,3,5,0.7,0.658,5,14,8,2024-02-10,1
S0332,b843c8d0f3a844e4,expert,object_oriented,Java,68009,103610,171620,3,5,0.651,0.661,7,13,6,2024-06-02,2
S0333,b843c8d0f3a844e4,expert,functional,JavaScript,28883,135189,164072,3,5,0.675,0.762,8,10,8,2024-03-05,1
S0334,b843c8d0f3a844e4,expert,functional,JavaScript,37907,107451,145359,3,5,0.752,0.507,7,11,5,2024-05-06,2
S0335,b843c8d0f3a844e4,expert,procedural,C,53277,158775,212053,3,5,0.655,0.77,5,12,6,2024-02-17,1
S0336,b843c8d0f3a844e4,expert,procedural,C,49305,138300,187606,3,5,0.615,0.636,8,12,6,2024-04-16,2
S0337,75bbcec32b79cd04,advanced,object_oriented,Java,13551,66231,79783,3,5,0.654,0.622,10,11,8,2024-01-23,1
S0338,75bbcec32b79cd04,advanced,object_oriented,Java,39971,105838,145809,2,5,0.559,0.716,5,9,10,2024-03-27,2
S0339,75bbcec32b79cd04,advanced,functional,JavaScript,37336,119984,157320,3,5,0.677,0.598,5,21,8,2024-06-08,1
S0340,75bbcec32b79cd04,advanced,functional,JavaScript,23859,168154,192013,4,5,0.818,1.0,8,17,9,2024-05-10,2
S0341,75bbcec32b79cd04,advanced,procedural,C,60040,148910,208951,3,5,0.658,0.783,4,15,5,2024-05-09,1
S0342,75bbcec32b79cd04,advanced,procedural,C,56395,107114,163510,1,5,0.369,0.742,7,14,6,2024-02-02,2
S0343,38745d2ab95a0eff,advanced,object_oriented,Java,49610,177990,227600,4,5,0.87,0.67,7,12,6,2024-01-19,1
S0344,38745d2ab95a0eff,advanced,object_oriented,Java,23528,116483,140011,2,5,0.474,0.933,3,16,3,2024-06-11,2
S0345,38745d2ab95a0eff,advanced,functional,JavaScript,25183,97667,122851,2,5,0.45,0.792,8,20,4,2024-04-06,1
S0346,38745d2ab95a0eff,advanced,functional,JavaScript,39893,31513,71407,2,5,0.427,0.47,11,11,2,2024-03-23,2
S0347,38745d2ab95a0eff,advanced,procedural,C,32499,109329,141829,2,5,0.539,0.531,11,14,7,2024-01-03,1
S0348,38745d2ab95a0eff,advanced,procedural,C,43243,141623,184866,3,5,0.637,0.824,9,17,8,2024-04-21,2
S0349,4e2dc7bc2d70607b,beginner,object_oriented,Java,35370,130621,165991,4,5,0.857,0.544,8,14,6,2024-05-22,1
S0350,4e2dc7bc2d70607b,beginner,object_oriented,Java,54705,134095,188801,2,5,0.5,0.555,13,14,9,2024-05-05,2
S0351,4e2dc7bc2d70607b,beginner,functional,JavaScript,22991,105171,128162,3,5,0.758,0.747,8,14,3,2024-06-04,1
S0352,4e2dc7bc2d70607b,beginner,functional,JavaScript,22971,182916,205888,2,5,0.454,0.707,10,17,7,2024-01-18,2
S0353,4e2dc7bc2d70607b,beginner,procedural,C,55658,169051,224709,3,5,0.641,0.858,13,13,9,2024-04-03,1
S0354,4e2dc7bc2d70607b,beginner,procedural,C,76135,71724,147860,2,5,0.561,0.771,7,15,5,2024-05-11,2
S0355,4a9170e9c8ccb0f7,intermediate,object_oriented,Java,26423,77696,104120,3,5,0.677,1.0,7,13,9,2024-04-06,1
S0356,4a9170e9c8ccb0f7,intermediate,object_oriented,Java,40491,73406,113898,3,5,0.691,0.823,9,18,5,2024-02-15,2
S0357,4a9170e9c8ccb0f7,intermediate,functional,JavaScript,58801,135760,194562,4,5,0.86,0.485,8,18,5,2024-04-16,1
S0358,4a9170e9c8ccb0f7,intermediate,functional,JavaScript,42052,135299,177351,4,5,0.883,0.547,6,13,8,2024-02-13,2
S0359,4a9170e9c8ccb0f7,intermediate,procedural,C,51013,145537,196551,2,5,0.487,0.636,9,9,2,2024-06-25,1
S0360,4a9170e9c8ccb0f7,intermediate,procedural,C,65712,119515,185227,3,5,0.653,0.693,9,15,7,2024-03-11,2
S0361,46283cdcd332d453,advanced,object_oriented,Java,41678,68334,110012,2,5,0.574,0.846,6,17,7,2024-04-07,1
S0362,46283cdcd332d453,advanced,object_oriented,Java,42345,162716,205061,3,5,0.722,0.79,6,17,6,2024-06-03,2
S0363,46283cdcd332d453,advanced,functional,JavaScript,48361,80820,129182,3,5,0.607,1.0,7,12,7,2024-02-12,1
S0364,46283cdcd332d453,advanced,functional,JavaScript,44607,87956,132563,2,5,0.43,0.304,6,14,5,2024-02-08,2
S0365,46283cdcd332d453,advanced,procedural,C,40565,127119,167685,2,5,0.538,0.63,10,20,9,2024-04-18,1
S0366,46283cdcd332d453,advanced,procedural,C,53125,116799,169925,2,5,0.555,0.66,8,13,9,2024-05-13,2
S0367,a1a6dd967bb7a0e2,beginner,object_oriented,Java,54777,91916,146694,4,5,0.858,0.638,8,14,7,2024-06-06,1
S0368,a1a6dd967bb7a0e2,beginner,object_oriented,Java,49250,102297,151548,3,5,0.615,0.825,11,8,8,2024-03-27,2
S0369,a1a6dd967bb7a0e2,beginner,functional,JavaScript,33078,63896,96974,2,5,0.515,0.875,14,19,0,2024-03-20,1
S0370,a1a6dd967bb7a0e2,beginner,functional,JavaScript,36859,54781,91641,1,5,0.212,0.793,7,17,4,2024-04-12,2
S0371,a1a6dd967bb7a0e2,beginner,procedural,C,49805,120921,170726,3,5,0.67,0.817,9,14,5,2024-03-05,1
S0372,a1a6dd967bb7a0e2,beginner,procedural,C,52317,192473,244791,2,5,0.431,0.97,5,19,4,2024-04-25,2
S0373,2ab4fdb67cb9fac4,intermediate,object_oriented,Java,50953,104241,155195,3,5,0.782,0.567,10,15,5,2024-06-28,1
S0374,2ab4fdb67cb9fac4,intermediate,object_oriented,Java,41476,142764,184240,3,5,0.693,0.522,8,15,5,2024-06-07,2
S0375,2ab4fdb67cb9fac4,intermediate,functional,JavaScript,31678,91394,123072,3,5,0.762,0.573,6,14,3,2024-05-22,1
S0376,2ab4fdb67cb9fac4,intermediate,functional,JavaScript,43711,170023,213734,2,5,0.573,0.629,11,18,9,2024-02-02,2
S0377,2ab4fdb67cb9fac4,intermediate,procedural,C,66451,138439,204890,4,5,0.839,0.886,12,11,5,2024-04-13,1
S0378,2ab4fdb67cb9fac4,intermediate,procedural,C,29684,126152,155836,2,5,0.491,0.646,7,13,1,2024-04-09,2
S0379,194f74af33cfc086,intermediate,object_oriented,Java,39317,130505,169822,4,5,0.831,0.419,14,15,6,2024-05-25,1
S0380,194f74af33cfc086,intermediate,object_oriented,Java,53457,131699,185157,4,5,0.83,0.93,9,18,13,2024-02-04,2
S0381,194f74af33cfc086,intermediate,functional,JavaScript,39065,64745,103811,3,5,0.757,0.651,12,19,4,2024-03-30,1
S0382,194f74af33cfc086,intermediate,functional,JavaScript,26699,101453,128152,2,5,0.58,1.0,10,11,6,2024-02-02,2
S0383,194f74af33cfc086,intermediate,procedural,C,35918,102272,138190,1,5,0.334,0.606,5,13,2,2024-02-04,1
S0384,194f74af33cfc086,intermediate,procedural,C,62045,158564,220609,2,5,0.52,0.678,8,14,6,2024-06-20,2
S0385,6bcfa73dbcd406c0,advanced,object_oriented,Java,40533,90307,130840,2,5,0.45,0.773,11,16,6,2024-05-01,1
S0386,6bcfa73dbcd406c0,advanced,object_oriented,Java,62741,51001,113743,3,5,0.645,0.675,10,14,6,2024-01-12,2
S0387,6bcfa73dbcd406c0,advanced,functional,JavaScript,18533,102016,120550,1,5,0.392,0.546,6,21,8,2024-04-13,1
S0388,6bcfa73dbcd406c0,advanced,functional,JavaScript,62107,143307,205414,3,5,0.614,0.632,5,9,8,2024-04-02,2
S0389,6bcfa73dbcd406c0,advanced,procedural,C,53991,116434,170426,2,5,0.527,0.659,9,17,7,2024-05-02,1
S0390,6bcfa73dbcd406c0,advanced,procedural,C,57251,80204,137456,2,5,0.51,0.833,13,16,4,2024-02-29,2
S0391,4a962053b7e08fa7,advanced,object_oriented,Java,45967,158578,204546,2,5,0.486,0.68,6,14,3,2024-06-03,1
S0392,4a962053b7e08fa7,advanced,object_oriented,Java,43658,62499,106157,4,5,0.841,0.653,16,15,6,2024-06-23,2
S0393,4a962053b7e08fa7,advanced,functional,JavaScript,44022,54139,98162,2,5,0.498,0.852,8,19,4,2024-02-26,1
S0394,4a962053b7e08fa7,advanced,functional,JavaScript,10000,151527,161527,3,5,0.601,0.609,8,19,4,2024-02-04,2
S0395,4a962053b7e08fa7,advanced,procedural,C,44160,121251,165412,2,5,0.512,0.617,11,7,7,2024-06-28,1
S0396,4a962053b7e08fa7,advanced,procedural,C,45311,122454,167765,3,5,0.626,0.691,7,15,5,2024-02-29,2
S0397,62810e7d2999fb53,advanced,object_oriented,Java,30512,82770,113283,2,5,0.455,0.614,8,16,4,2024-02-19,1
S0398,62810e7d2999fb53,advanced,object_oriented,Java,61951,117888,179840,2,5,0.551,0.71,5,18,6,2024-06-17,2
S0399,62810e7d2999fb53,advanced,functional,JavaScript,39793,127174,166967,3,5,0.75,0.516,7,13,8,2024-04-14,1
S0400,62810e7d2999fb53,advanced,functional,JavaScript,34675,85219,119894,2,5,0.588,0.729,9,20,5,2024-06-02,2
S0401,62810e7d2999fb53,advanced,procedural,C,71722,128724,200446,2,5,0.538,0.362,12,12,4,2024-02-02,1
S0402,62810e7d2999fb53,advanced,procedural,C,67932,153163,221096,2,5,0.558,0.747,9,13,10,2024-01-07,2
S0403,5de5ca300291fedb,expert,object_oriented,Java,34270,89305,123576,3,5,0.661,0.586,6,12,8,2024-03-24,1
S0404,5de5ca300291fedb,expert,object_oriented,Java,44402,98248,142650,3,5,0.606,0.614,14,14,4,2024-05-17,2
S0405,5de5ca300291fedb,expert,functional,JavaScript,24498,153038,177537,3,5,0.678,0.813,15,12,10,2024-02-03,1
S0406,5de5ca300291fedb,expert,functional,JavaScript,36517,141195,177713,1,5,0.365,0.833,7,18,5,2024-06-28,2
S0407,5de5ca300291fedb,expert,procedural,C,61924,121379,183303,2,5,0.576,0.589,7,17,5,2024-02-13,1
S0408,5de5ca300291fedb,expert,procedural,C,56319,172874,229194,4,5,0.809,0.856,10,17,7,2024-04-29,2
S0409,31870fc13ee34fef,advanced,object_oriented,Java,29005,62971,91977,4,5,0.881,0.706,10,17,4,2024-05-08,1
S0410,31870fc13ee34fef,advanced,object_oriented,Java,35710,135208,170918,3,5,0.747,0.75,5,15,13,2024-03-16,2
S0411,31870fc13ee34fef,advanced,functional,JavaScript,32512,131920,164432,4,5,0.827,0.773,15,12,5,2024-04-12,1
S0412,31870fc13ee34fef,advanced,functional,JavaScript,26842,90151,116993,3,5,0.606,0.812,4,11,7,2024-06-20,2
S0413,31870fc13ee34fef,advanced,procedural,C,34474,153708,188183,2,5,0.569,0.88,10,14,11,2024-03-23,1
S0414,31870fc13ee34fef,advanced,procedural,C,46325,112687,159012,1,5,0.287,0.862,11,14,3,2024-02-14,2
S0415,ed03c74a0493ea93,intermediate,object_oriented,Java,37327,128959,166287,3,5,0.674,0.95,10,17,2,2024-02-05,1
S0416,ed03c74a0493ea93,intermediate,object_oriented,Java,44699,65597,110297,2,5,0.575,0.621,8,9,3,2024-02-12,2
S0417,ed03c74a0493ea93,intermediate,functional,JavaScript,41128,169360,210488,1,5,0.358,0.772,9,16,5,2024-03-12,1
S0418,ed03c74a0493ea93,intermediate,functional,JavaScript,47807,103793,151601,2,5,0.546,0.741,11,17,8,2024-05-26,2
S0419,ed03c74a0493ea93,intermediate,procedural,C,80604,149005,229609,1,5,0.27,0.518,9,13,7,2024-04-10,1
S0420,ed03c74a0493ea93,intermediate,procedural,C,47827,135177,183005,1,5,0.393,0.778,4,12,4,2024-03-24,2
S0421,e22aa5c866c47c0f,intermediate,object_oriented,Java,33882,157071,190953,3,5,0.677,0.709,14,15,3,2024-04-28,1
S0422,e22aa5c866c47c0f,intermediate,object_oriented,Java,41971,97836,139807,4,5,0.955,0.558,13,10,6,2024-04-07,2
S0423,e22aa5c866c47c0f,intermediate,functional,JavaScript,30806,180186,210992,2,5,0.555,0.554,5,26,7,2024-03-14,1
S0424,e22aa5c866c47c0f,intermediate,functional,JavaScript,30730,99681,130412,2,5,0.425,0.593,3,9,5,2024-02-18,2
S0425,e22aa5c866c47c0f,intermediate,procedural,C,55813,162989,218802,2,5,0.599,0.795,6,16,11,2024-05-18,1
S0426,e22aa5c866c47c0f,intermediate,procedural,C,48097,50121,98218,3,5,0.654,0.793,10,9,4,2024-03-20,2
S0427,0506ae1d1507eb2b,intermediate,object_oriented,Java,33944,106036,139980,3,5,0.678,0.813,2,13,9,2024-04-10,1
S0428,0506ae1d1507eb2b,intermediate,object_oriented,Java,49552,172060,221612,2,5,0.596,0.998,8,23,9,2024-05-14,2
S0429,0506ae1d1507eb2b,intermediate,functional,JavaScript,19642,103920,123563,2,5,0.462,0.65,8,12,9,2024-04-10,1
S0430,0506ae1d1507eb2b,intermediate,functional,JavaScript,45343,150809,196152,2,5,0.525,0.745,6,22,6,2024-01-21,2
S0431,0506ae1d1507eb2b,intermediate,procedural,C,44919,124573,169492,3,5,0.634,0.609,9,16,6,2024-02-29,1
S0432,0506ae1d1507eb2b,intermediate,procedural,C,48035,152796,200831,1,5,0.289,0.891,4,14,9,2024-04-04,2
S0433,bf63bce3769f386d,advanced,object_oriented,Java,44747,107357,152105,3,5,0.773,0.524,9,13,8,2024-04-23,1
S0434,bf63bce3769f386d,advanced,object_oriented,Java,38402,82633,121036,3,5,0.785,0.641,11,14,5,2024-02-02,2
S0435,bf63bce3769f386d,advanced,functional,JavaScript,32080,108834,140915,2,5,0.495,0.435,8,14,4,2024-06-14,1
S0436,bf63bce3769f386d,advanced,functional,JavaScript,16671,85037,101708,3,5,0.611,1.0,7,20,5,2024-01-22,2
S0437,bf63bce3769f386d,advanced,procedural,C,61542,97191,158733,3,5,0.639,0.438,3,17,12,2024-04-03,1
S0438,bf63bce3769f386d,advanced,procedural,C,43144,113736,156881,1,5,0.322,0.544,5,16,6,2024-03-06,2
S0439,79a03b43a3acaf00,advanced,object_oriented,Java,55893,153601,209494,2,5,0.598,0.617,7,17,3,2024-03-14,1
S0440,79a03b43a3acaf00,advanced,object_oriented,Java,43875,154196,198072,4,5,0.848,0.652,10,9,6,2024-06-15,2
S0441,79a03b43a3acaf00,advanced,functional,JavaScript,34470,164520,198991,4,5,0.916,0.818,9,16,7,2024-01-31,1
S0442,79a03b43a3acaf00,advanced,functional,JavaScript,18939,126133,145072,3,5,0.618,0.652,6,18,8,2024-05-05,2
S0443,79a03b43a3acaf00,advanced,procedural,C,39587,103187,142774,2,5,0.577,0.609,7,12,6,2024-02-20,1
S0444,79a03b43a3acaf00,advanced,procedural,C,60642,125022,185665,2,5,0.515,0.911,13,11,3,2024-04-18,2
S0445,964888c46f0bfd1a,advanced,object_oriented,Java,46320,112655,158976,3,5,0.697,0.791,10,17,4,2024-06-08,1
S0446,964888c46f0bfd1a,advanced,object_oriented,Java,50835,137464,188299,3,5,0.651,0.801,8,15,8,2024-04-25,2
S0447,964888c46f0bfd1a,advanced,functional,JavaScript,45508,66395,111903,4,5,0.83,0.716,9,11,8,2024-02-25,1
S0448,964888c46f0bfd1a,advanced,functional,JavaScript,36786,119039,155826,3,5,0.679,0.863,5,16,8,2024-06-04,2
S0449,964888c46f0bfd1a,advanced,procedural,C,54708,86727,141436,2,5,0.43,0.849,13,8,8,2024-03-03,1
S0450,964888c46f0bfd1a,advanced,procedural,C,53218,87557,140775,1,5,0.337,0.927,5,13,7,2024-02-24,2
S0451,bba9d945f27957de,intermediate,object_oriented,Java,55250,147172,202423,2,5,0.556,0.804,6,9,5,2024-04-21,1
S0452,bba9d945f27957de,intermediate,object_oriented,Java,32861,108860,141721,3,5,0.656,0.771,10,17,4,2024-04-18,2
S0453,bba9d945f27957de,intermediate,functional,JavaScript,63010,108516,171526,1,5,0.363,0.537,9,17,6,2024-01-17,1
S0454,bba9d945f27957de,intermediate,functional,JavaScript,41362,57110,98473,2,5,0.554,0.639,8,21,4,2024-06-13,2
S0455,bba9d945f27957de,intermediate,procedural,C,23272,142324,165596,3,5,0.613,0.662,7,17,4,2024-02-19,1
S0456,bba9d945f27957de,intermediate,procedural,C,57741,71589,129330,3,5,0.684,0.863,6,13,5,2024-06-19,2
S0457,344602ff46d874c1,intermediate,object_oriented,Java,62232,123339,185572,2,5,0.453,0.578,9,11,2,2024-05-12,1
S0458,344602ff46d874c1,intermediate,object_oriented,Java,46081,87534,133616,3,5,0.728,0.72,5,12,5,2024-03-06,2
S0459,344602ff46d874c1,intermediate,functional,JavaScript,45173,134709,179883,2,5,0.592,0.644,10,8,4,2024-01-21,1
S0460,344602ff46d874c1,intermediate,functional,JavaScript,22714,142086,164800,4,5,0.816,0.945,6,6,5,2024-01-06,2
S0461,344602ff46d874c1,intermediate,procedural,C,41495,133900,175396,2,5,0.422,0.869,6,11,1,2024-04-18,1
S0462,344602ff46d874c1,intermediate,procedural,C,66012,176547,242560,2,5,0.437,0.705,13,22,4,2024-02-03,2
S0463,d7dec723d0d4bfd7,intermediate,object_oriented,Java,47476,143484,190961,3,5,0.74,0.526,12,15,2,2024-06-08,1
S0464,d7dec723d0d4bfd7,intermediate,object_oriented,Java,51320,93070,144391,3,5,0.734,0.85,9,11,4,2024-06-28,2
S0465,d7dec723d0d4bfd7,intermediate,functional,JavaScript,28327,73960,102287,2,5,0.415,0.712,6,21,12,2024-05-11,1
S0466,d7dec723d0d4bfd7,intermediate,functional,JavaScript,35352,60378,95730,2,5,0.464,0.494,10,12,4,2024-06-06,2
S0467,d7dec723d0d4bfd7,intermediate,procedural,C,47212,152324,199536,1,5,0.392,0.546,5,17,4,2024-03-28,1
S0468,d7dec723d0d4bfd7,intermediate,procedural,C,54874,98936,153810,3,5,0.636,0.659,4,9,3,2024-06-19,2
S0469,7c69f549b18fc04f,advanced,object_oriented,Java,50056,85241,135298,4,5,0.9,0.869,7,12,9,2024-04-04,1
S0470,7c69f549b18fc04f,advanced,object_oriented,Java,19922,135096,155018,3,5,0.722,1.0,9,18,1,2024-03-28,2
S0471,7c69f549b18fc04f,advanced,functional,JavaScript,34312,166750,201062,3,5,0.62,0.642,5,22,4,2024-01-27,1
S0472,7c69f549b18fc04f,advanced,functional,JavaScript,27299,50856,78155,1,5,0.329,0.839,8,16,3,2024-03-02,2
S0473,7c69f549b18fc04f,advanced,procedural,C,30245,138144,168390,2,5,0.51,0.341,9,14,7,2024-03-10,1
S0474,7c69f549b18fc04f,advanced,procedural,C,56094,92027,148121,2,5,0.565,0.474,10,17,8,2024-06-11,2
S0475,e67f071200ffcd2c,advanced,object_oriented,Java,53103,143388,196491,1,5,0.269,0.486,9,11,3,2024-06-20,1
S0476,e67f071200ffcd2c,advanced,object_oriented,Java,50226,160634,210861,5,5,1.0,0.771,5,14,4,2024-04-19,2
S0477,e67f071200ffcd2c,advanced,functional,JavaScript,24371,70163,94534,1,5,0.255,0.582,6,19,5,2024-02-12,1
S0478,e67f071200ffcd2c,advanced,functional,JavaScript,30739,129631,160370,3,5,0.677,0.494,11,16,7,2024-02-25,2
S0479,e67f071200ffcd2c,advanced,procedural,C,72576,117185,189762,2,5,0.421,0.761,8,14,6,2024-05-11,1
S0480,e67f071200ffcd2c,advanced,procedural,C,52950,70274,123225,3,5,0.657,0.672,8,11,5,2024-06-25,2
S0481,ecf1902251410f3f,advanced,object_oriented,Java,52131,145640,197771,3,5,0.601,0.495,10,14,3,2024-04-13,1
S0482,ecf1902251410f3f,advanced,object_oriented,Java,49253,116659,165912,3,5,0.738,0.83,6,18,8,2024-04-13,2
S0483,ecf1902251410f3f,advanced,functional,JavaScript,46157,104156,150314,2,5,0.471,0.646,10,14,5,2024-01-31,1
S0484,ecf1902251410f3f,advanced,functional,JavaScript,31880,101515,133395,2,5,0.437,0.587,8,12,4,2024-01-21,2
S0485,ecf1902251410f3f,advanced,procedural,C,52846,146504,199351,2,5,0.575,0.857,6,9,6,2024-02-29,1
S0486,ecf1902251410f3f,advanced,procedural,C,60007,136483,196490,2,5,0.456,0.524,13,11,10,2024-06-27,2
S0487,fe26916bb2972ab6,intermediate,object_oriented,Java,47800,117457,165258,4,5,0.842,0.819,5,12,6,2024-01-04,1
S0488,fe26916bb2972ab6,intermediate,object_oriented,Java,52942,103542,156485,2,5,0.552,0.602,7,10,5,2024-02-15,2
S0489,fe26916bb2972ab6,intermediate,functional,JavaScript,28903,93579,122483,3,5,0.69,0.386,6,19,6,2024-02-29,1
S0490,fe26916bb2972ab6,intermediate,functional,JavaScript,47931,155298,203229,2,5,0.493,1.0,6,11,4,2024-03-15,2
S0491,fe26916bb2972ab6,intermediate,procedural,C,53190,163933,217124,2,5,0.53,0.522,4,20,5,2024-02-22,1
S0492,fe26916bb2972ab6,intermediate,procedural,C,56670,156142,212812,3,5,0.725,0.99,9,6,7,2024-03-31,2
S0493,24f76da9349c4749,intermediate,object_oriented,Java,22305,88232,110537,3,5,0.665,0.709,12,22,7,2024-03-13,1
S0494,24f76da9349c4749,intermediate,object_oriented,Java,59103,112892,171996,4,5,0.845,0.651,12,9,9,2024-02-03,2
S0495,24f76da9349c4749,intermediate,functional,JavaScript,42814,100392,143206,2,5,0.443,0.587,7,11,6,2024-06-15,1
S0496,24f76da9349c4749,intermediate,functional,JavaScript,52466,95827,148293,3,5,0.609,0.637,7,13,8,2024-05-18,2
S0497,24f76da9349c4749,intermediate,procedural,C,52944,88824,141769,2,5,0.503,0.859,8,15,5,2024-03-18,1
S0498,24f76da9349c4749,intermediate,procedural,C,37114,160412,197526,3,5,0.746,0.875,8,16,5,2024-01-07,2
S0499,fb04a52daae8ef2b,intermediate,object_oriented,Java,40294,169585,209880,4,5,0.928,0.674,9,16,4,2024-02-12,1
S0500,fb04a52daae8ef2b,intermediate,object_oriented,Java,29727,119789,149517,3,5,0.776,0.886,8,11,5,2024-05-31,2
S0501,fb04a52daae8ef2b,intermediate,functional,JavaScript,37619,81655,119275,3,5,0.701,0.582,7,10,7,2024-04-26,1
S0502,fb04a52daae8ef2b,intermediate,functional,JavaScript,43024,123855,166880,4,5,0.835,0.702,7,10,3,2024-02-26,2
S0503,fb04a52daae8ef2b,intermediate,procedural,C,52913,171628,224542,3,5,0.734,0.56,11,12,6,2024-05-08,1
S0504,fb04a52daae8ef2b,intermediate,procedural,C,59115,133007,192122,4,5,0.879,0.713,9,18,10,2024-04-30,2
S0505,fffc8db1cc31a72e,beginner,object_oriented,Java,40188,108762,148951,3,5,0.766,0.647,13,14,8,2024-05-30,1
S0506,fffc8db1cc31a72e,beginner,object_oriented,Java,47257,153960,201217,3,5,0.793,0.56,8,18,8,2024-01-28,2
S0507,fffc8db1cc31a72e,beginner,functional,JavaScript,29524,84557,114081,3,5,0.673,0.65,8,13,8,2024-01-13,1
S0508,fffc8db1cc31a72e,beginner,functional,JavaScript,28616,112577,141193,3,5,0.762,0.646,5,14,9,2024-05-21,2
S0509,fffc8db1cc31a72e,beginner,procedural,C,44766,118922,163689,3,5,0.639,0.573,12,19,4,2024-01-11,1
S0510,fffc8db1cc31a72e,beginner,procedural,C,55420,151036,206456,2,5,0.548,0.794,11,17,5,2024-05-24,2
S0511,9becf291cbf448b4,advanced,object_oriented,Java,62824,80865,143689,2,5,0.552,0.896,13,13,4,2024-06-19,1
S0512,9becf291cbf448b4,advanced,object_oriented,Java,36784,115086,151871,3,5,0.655,0.765,6,18,4,2024-03-05,2
S0513,9becf291cbf448b4,advanced,functional,JavaScript,39005,132451,171456,3,5,0.754,0.736,12,11,5,2024-05-28,1
S0514,9becf291cbf448b4,advanced,functional,JavaScript,25643,67458,93102,2,5,0.482,0.628,8,16,6,2024-02-14,2
S0515,9becf291cbf448b4,advanced,procedural,C,58022,99977,158000,3,5,0.721,0.457,7,15,8,2024-04-30,1
S0516,9becf291cbf448b4,advanced,procedural,C,38413,111761,150174,3,5,0.64,0.89,10,14,9,2024-01-12,2
S0517,37e068074fe48950,intermediate,object_oriented,Java,38649,129950,168600,2,5,0.412,0.643,3,16,5,2024-05-22,1
S0518,37e068074fe48950,intermediate,object_oriented,Java,29816,104397,134213,3,5,0.686,0.629,14,20,5,2024-02-10,2
S0519,37e068074fe48950,intermediate,functional,JavaScript,20090,53446,73537,1,5,0.222,0.73,11,11,3,2024-04-05,1
S0520,37e068074fe48950,intermediate,functional,JavaScript,34269,129738,164007,3,5,0.615,0.61,12,17,10,2024-02-17,2
S0521,37e068074fe48950,intermediate,procedural,C,49083,107040,156123,2,5,0.49,0.871,8,15,8,2024-05-14,1
S0522,37e068074fe48950,intermediate,procedural,C,56534,126186,182721,2,5,0.585,0.899,10,16,7,2024-04-17,2
S0523,0c70000445c79284,intermediate,object_oriented,Java,67640,118250,185891,3,5,0.664,0.824,5,10,6,2024-04-16,1
S0524,0c70000445c79284,intermediate,object_oriented,Java,47046,88633,135680,5,5,1.0,0.67,7,13,7,2024-04-22,2
S0525,0c70000445c79284,intermediate,functional,JavaScript,36097,126726,162823,2,5,0.413,0.695,7,27,9,2024-05-08,1
S0526,0c70000445c79284,intermediate,functional,JavaScript,26848,76381,103229,2,5,0.542,0.96,14,11,3,2024-05-25,2
S0527,0c70000445c79284,intermediate,procedural,C,59948,176231,236180,3,5,0.682,0.566,8,26,6,2024-03-06,1
S0528,0c70000445c79284,intermediate,procedural,C,44696,168095,212791,2,5,0.558,0.731,5,11,6,2024-04-09,2
S0529,ae4cc51569f42fef,intermediate,object_oriented,Java,45972,101304,147277,3,5,0.65,0.53,8,10,9,2024-05-03,1
S0530,ae4cc51569f42fef,intermediate,object_oriented,Java,60499,150902,211402,2,5,0.6,0.827,9,7,3,2024-05-13,2
S0531,ae4cc51569f42fef,intermediate,functional,JavaScript,36153,87752,123906,2,5,0.479,0.716,9,11,7,2024-04-12,1
S0532,ae4cc51569f42fef,intermediate,functional,JavaScript,44662,131520,176182,1,5,0.297,0.889,7,13,5,2024-01-20,2
S0533,ae4cc51569f42fef,intermediate,procedural,C,43003,110152,153156,1,5,0.35,0.488,6,11,4,2024-03-14,1
S0534,ae4cc51569f42fef,intermediate,procedural,C,39781,102602,142383,2,5,0.435,0.764,15,13,7,2024-06-10,2
S0535,5f8f7181ce748850,advanced,object_oriented,Java,57876,131196,189073,3,5,0.717,0.702,10,11,5,2024-02-25,1
S0536,5f8f7181ce748850,advanced,object_oriented,Java,46523,137825,184349,3,5,0.614,0.563,6,7,13,2024-04-15,2
S0537,5f8f7181ce748850,advanced,functional,JavaScript,42256,199087,241344,2,5,0.449,0.615,5,13,6,2024-04-26,1
S0538,5f8f7181ce748850,advanced,functional,JavaScript,66610,176572,243183,2,5,0.579,0.69,9,15,5,2024-04-28,2
S0539,5f8f7181ce748850,advanced,procedural,C,67873,175614,243488,2,5,0.506,0.515,7,21,8,2024-03-09,1
S0540,5f8f7181ce748850,advanced,procedural,C,49390,113025,162416,1,5,0.374,0.809,5,13,3,2024-02-22,2
S0541,c6d695bf8fa1dc7f,advanced,object_oriented,Java,43792,98771,142564,4,5,0.82,0.811,7,21,7,2024-06-14,1
S0542,c6d695bf8fa1dc7f,advanced,object_oriented,Java,69431,123301,192732,2,5,0.592,0.759,3,19,7,2024-04-04,2
S0543,c6d695bf8fa1dc7f,advanced,functional,JavaScript,71234,100767,172002,3,5,0.724,0.666,9,20,11,2024-04-30,1
S0544,c6d695bf8fa1dc7f,advanced,functional,JavaScript,28807,95708,124516,1,5,0.395,0.74,7,15,7,2024-02-27,2
S0545,c6d695bf8fa1dc7f,advanced,procedural,C,57907,106665,164572,2,5,0.515,0.44,7,18,10,2024-01-04,1
S0546,c6d695bf8fa1dc7f,advanced,procedural,C,38988,150626,189615,1,5,0.369,0.807,11,17,6,2024-01-08,2
S0547,ed12c5e52d70e9e1,intermediate,object_oriented,Java,25545,108396,133941,3,5,0.646,0.56,6,14,7,2024-02-29,1
S0548,ed12c5e52d70e9e1,intermediate,object_oriented,Java,35557,123720,159278,3,5,0.604,0.534,9,14,10,2024-02-19,2
S0549,ed12c5e52d70e9e1,intermediate,functional,JavaScript,33732,79549,113282,4,5,0.921,0.956,8,18,4,2024-02-26,1
S0550,ed12c5e52d70e9e1,intermediate,functional,JavaScript,30776,61470,92246,3,5,0.617,0.812,3,15,5,2024-04-24,2
S0551,ed12c5e52d70e9e1,intermediate,procedural,C,40708,131633,172342,2,5,0.452,0.82,16,20,11,2024-06-22,1
S0552,ed12c5e52d70e9e1,intermediate,procedural,C,56011,119112,175124,2,5,0.577,0.686,9,19,10,2024-05-02,2
S0553,bb3900db26df57ce,intermediate,object_oriented,Java,36367,109828,146196,2,5,0.582,0.9,8,12,7,2024-04-16,1
S0554,bb3900db26df57ce,intermediate,object_oriented,Java,28581,141775,170357,3,5,0.699,0.675,10,11,9,2024-06-09,2
S0555,bb3900db26df57ce,intermediate,functional,JavaScript,41451,85077,126529,3,5,0.732,0.616,12,20,6,2024-06-16,1
S0556,bb3900db26df57ce,intermediate,functional,JavaScript,43430,76382,119813,2,5,0.504,0.722,6,21,9,2024-04-11,2
S0557,bb3900db26df57ce,intermediate,procedural,C,63252,155304,218557,1,5,0.298,0.62,10,18,3,2024-01-08,1
S0558,bb3900db26df57ce,intermediate,procedural,C,47377,141585,188963,2,5,0.427,0.772,8,6,15,2024-02-21,2
S0559,a47da53a4d8e4d9f,advanced,object_oriented,Java,60426,130662,191089,2,5,0.549,0.435,7,22,5,2024-01-30,1
S0560,a47da53a4d8e4d9f,advanced,object_oriented,Java,38210,139408,177618,3,5,0.657,0.717,3,19,3,2024-04-13,2
S0561,a47da53a4d8e4d9f,advanced,functional,JavaScript,33918,155678,189597,2,5,0.489,0.868,7,13,3,2024-01-09,1
S0562,a47da53a4d8e4d9f,advanced,functional,JavaScript,34665,49216,83882,2,5,0.49,0.724,7,12,3,2024-05-07,2
S0563,a47da53a4d8e4d9f,advanced,procedural,C,66148,148973,215121,2,5,0.433,0.517,11,10,5,2024-03-06,1
S0564,a47da53a4d8e4d9f,advanced,procedural,C,60007,119902,179909,2,5,0.48,0.793,10,8,3,2024-04-16,2
S0565,c5ed490103286b37,advanced,object_oriented,Java,46572,88705,135278,3,5,0.741,0.475,11,11,12,2024-05-28,1
S0566,c5ed490103286b37,advanced,object_oriented,Java,52348,91095,143443,4,5,0.809,0.618,7,11,10,2024-02-09,2
S0567,c5ed490103286b37,advanced,functional,JavaScript,25691,140063,165755,2,5,0.535,0.705,10,19,6,2024-02-24,1
S0568,c5ed490103286b37,advanced,functional,JavaScript,46029,37582,83612,2,5,0.507,0.967,4,17,7,2024-02-10,2
S0569,c5ed490103286b37,advanced,procedural,C,49358,113923,163282,1,5,0.36,0.623,4,8,4,2024-05-21,1
S0570,c5ed490103286b37,advanced,procedural,C,51661,150061,201722,2,5,0.491,0.843,5,10,4,2024-01-27,2
S0571,80a57e598555e14b,advanced,object_oriented,Java,19767,120935,140703,2,5,0.528,0.747,13,12,8,2024-05-23,1
S0572,80a57e598555e14b,advanced,object_oriented,Java,47695,106449,154145,2,5,0.589,0.828,10,9,6,2024-04-25,2
S0573,80a57e598555e14b,advanced,functional,JavaScript,44942,109917,154860,2,5,0.591,0.527,8,12,6,2024-06-24,1
S0574,80a57e598555e14b,advanced,functional,JavaScript,58414,42221,100636,3,5,0.766,0.854,8,10,6,2024-04-14,2
S0575,80a57e598555e14b,advanced,procedural,C,52483,156420,208904,1,5,0.346,0.539,8,14,3,2024-06-08,1
S0576,80a57e598555e14b,advanced,procedural,C,67384,175355,242739,2,5,0.45,0.536,9,17,3,2024-06-06,2
S0577,9c7543a3c2fe3f7a,beginner,object_oriented,Java,49286,172055,221342,3,5,0.75,0.758,7,19,10,2024-06-13,1
S0578,9c7543a3c2fe3f7a,beginner,object_oriented,Java,56765,115020,171785,2,5,0.534,1.0,4,5,3,2024-05-17,2
S0579,9c7543a3c2fe3f7a,beginner,functional,JavaScript,25736,125985,151721,3,5,0.797,0.737,11,11,6,2024-02-23,1
S0580,9c7543a3c2fe3f7a,beginner,functional,JavaScript,64023,129915,193938,3,5,0.663,0.741,4,16,11,2024-02-25,2
S0581,9c7543a3c2fe3f7a,beginner,procedural,C,56053,133082,189135,3,5,0.616,0.574,7,8,5,2024-04-15,1
S0582,9c7543a3c2fe3f7a,beginner,procedural,C,51090,139633,190723,2,5,0.59,0.909,10,15,5,2024-06-16,2
S0583,df42b8a08f025198,intermediate,object_oriented,Java,54510,66338,120848,2,5,0.562,0.535,9,18,6,2024-04-18,1
S0584,df42b8a08f025198,intermediate,object_oriented,Java,29677,159335,189013,4,5,0.835,0.944,9,18,3,2024-02-24,2
S0585,df42b8a08f025198,intermediate,functional,JavaScript,36398,169253,205651,4,5,0.873,0.869,11,12,5,2024-01-06,1
S0586,df42b8a08f025198,intermediate,functional,JavaScript,18352,151013,169365,3,5,0.758,0.493,7,12,5,2024-03-07,2
S0587,df42b8a08f025198,intermediate,procedural,C,53401,149419,202821,2,5,0.571,0.811,11,13,7,2024-02-27,1
S0588,df42b8a08f025198,intermediate,procedural,C,60210,138623,198834,2,5,0.476,0.559,10,17,3,2024-02-07,2
S0589,df6494082c5019b0,advanced,object_oriented,Java,37823,165331,203155,2,5,0.478,0.581,4,24,3,2024-03-01,1
S0590,df6494082c5019b0,advanced,object_oriented,Java,28908,87036,115944,3,5,0.723,0.806,7,11,11,2024-04-13,2
S0591,df6494082c5019b0,advanced,functional,JavaScript,34838,128576,163414,3,5,0.726,0.691,10,14,6,2024-04-20,1
S0592,df6494082c5019b0,advanced,functional,JavaScript,31235,106826,138062,2,5,0.403,0.629,8,17,11,2024-05-03,2
S0593,df6494082c5019b0,advanced,procedural,C,52534,109525,162060,2,5,0.469,0.76,8,12,7,2024-04-18,1
S0594,df6494082c5019b0,advanced,procedural,C,51372,156725,208097,2,5,0.497,1.0,5,18,2,2024-06-11,2
S0595,b39af233e0cda43f,beginner,object_oriented,Java,56604,128551,185156,3,5,0.716,0.754,7,11,10,2024-01-26,1
S0596,b39af233e0cda43f,beginner,object_oriented,Java,30161,89153,119315,3,5,0.657,0.674,7,14,6,2024-05-27,2
S0597,b39af233e0cda43f,beginner,functional,JavaScript,41716,63194,104910,1,5,0.343,0.618,11,12,12,2024-02-01,1
S0598,b39af233e0cda43f,beginner,functional,JavaScript,36575,81212,117788,4,5,0.803,0.485,10,13,5,2024-04-03,2
S0599,b39af233e0cda43f,beginner,procedural,C,34200,103927,138127,3,5,0.633,0.731,10,17,10,2024-03-21,1
S0600,b39af233e0cda43f,beginner,procedural,C,48690,138846,187536,3,5,0.752,0.381,8,15,8,2024-05-15,2
S0601,fd915def246a0be4,advanced,object_oriented,Java,46504,117725,164230,3,5,0.681,0.922,13,14,3,2024-04-11,1
S0602,fd915def246a0be4,advanced,object_oriented,Java,39220,146109,185330,3,5,0.605,0.639,7,20,9,2024-05-07,2
S0603,fd915def246a0be4,advanced,functional,JavaScript,33564,142485,176049,2,5,0.401,0.604,12,15,7,2024-01-27,1
S0604,fd915def246a0be4,advanced,functional,JavaScript,61345,84850,146196,3,5,0.696,0.821,11,14,4,2024-05-21,2
S0605,fd915def246a0be4,advanced,procedural,C,51615,113911,165527,3,5,0.738,0.575,6,10,10,2024-02-25,1
S0606,fd915def246a0be4,advanced,procedural,C,48588,111109,159697,2,5,0.585,0.833,9,14,6,2024-01-28,2
S0607,a9a06ad2b23ff105,intermediate,object_oriented,Java,45625,90030,135655,3,5,0.656,0.596,6,17,8,2024-03-13,1
S0608,a9a06ad2b23ff105,intermediate,object_oriented,Java,69241,63955,133196,4,5,0.808,0.873,11,12,9,2024-04-14,2
S0609,a9a06ad2b23ff105,intermediate,functional,JavaScript,10000,71228,81228,2,5,0.575,0.621,9,23,6,2024-06-02,1
S0610,a9a06ad2b23ff105,intermediate,functional,JavaScript,26632,110838,137470,2,5,0.576,0.917,7,11,9,2024-05-12,2
S0611,a9a06ad2b23ff105,intermediate,procedural,C,51768,139344,191112,2,5,0.454,0.661,6,11,6,2024-06-28,1
S0612,a9a06ad2b23ff105,intermediate,procedural,C,59473,119171,178645,2,5,0.544,0.672,13,13,9,2024-04-03,2
S0613,063b8ff279d9e5d5,intermediate,object_oriented,Java,47246,93614,140861,3,5,0.635,0.998,6,16,5,2024-02-22,1
S0614,063b8ff279d9e5d5,intermediate,object_oriented,Java,30013,145583,175596,2,5,0.583,0.926,6,15,4,2024-04-22,2
S0615,063b8ff279d9e5d5,intermediate,functional,JavaScript,54498,93268,147767,3,5,0.677,0.877,7,20,10,2024-01-27,1
S0616,063b8ff279d9e5d5,intermediate,functional,JavaScript,33182,53054,86236,2,5,0.417,0.653,4,8,6,2024-02-12,2
S0617,063b8ff279d9e5d5,intermediate,procedural,C,41955,101012,142967,3,5,0.778,0.57,4,19,7,2024-01-26,1
S0618,063b8ff279d9e5d5,intermediate,procedural,C,47428,138142,185571,3,5,0.698,0.766,6,16,3,2024-03-20,2
S0619,1a3564c7cfdbbd4c,intermediate,object_oriented,Java,50030,115980,166010,2,5,0.515,0.539,10,14,6,2024-05-17,1
S0620,1a3564c7cfdbbd4c,intermediate,object_oriented,Java,40769,64598,105367,3,5,0.745,0.77,10,19,4,2024-04-20,2
S0621,1a3564c7cfdbbd4c,intermediate,functional,JavaScript,29140,113635,142775,2,5,0.559,0.606,6,7,4,2024-06-15,1
S0622,1a3564c7cfdbbd4c,intermediate,functional,JavaScript,68005,110257,178263,3,5,0.66,0.651,7,19,4,2024-06-15,2
S0623,1a3564c7cfdbbd4c,intermediate,procedural,C,52647,184526,237173,3,5,0.61,0.566,6,19,3,2024-04-19,1
S0624,1a3564c7cfdbbd4c,intermediate,procedural,C,52374,103930,156304,2,5,0.507,0.831,4,10,9,2024-06-06,2
S0625,35231d6552f5ecb0,intermediate,object_oriented,Java,46319,163584,209904,3,5,0.657,0.582,7,11,8,2024-01-30,1
S0626,35231d6552f5ecb0,intermediate,object_oriented,Java,44646,104889,149536,3,5,0.723,0.374,12,8,8,2024-02-06,2
S0627,35231d6552f5ecb0,intermediate,functional,JavaScript,45201,97356,142557,4,5,0.845,0.513,9,12,7,2024-03-23,1
S0628,35231d6552f5ecb0,intermediate,functional,JavaScript,52040,134712,186752,2,5,0.521,0.588,6,15,5,2024-02-10,2
S0629,35231d6552f5ecb0,intermediate,procedural,C,61695,125981,187676,3,5,0.651,0.856,12,16,3,2024-06-24,1
S0630,35231d6552f5ecb0,intermediate,procedural,C,55879,107077,162956,2,5,0.521,0.941,6,14,1,2024-05-19,2
S0631,8982ceacc41f9b8f,intermediate,object_oriented,Java,37465,168728,206193,2,5,0.594,0.802,3,18,4,2024-02-06,1
S0632,8982ceacc41f9b8f,intermediate,object_oriented,Java,65959,67236,133196,1,5,0.38,0.74,10,20,4,2024-03-21,2
S0633,8982ceacc41f9b8f,intermediate,functional,JavaScript,42197,143137,185335,2,5,0.504,0.55,17,10,6,2024-05-19,1
S0634,8982ceacc41f9b8f,intermediate,functional,JavaScript,10000,120258,130258,1,5,0.283,0.734,8,14,4,2024-04-15,2
S0635,8982ceacc41f9b8f,intermediate,procedural,C,43102,144062,187164,3,5,0.634,0.366,6,14,1,2024-06-24,1
S0636,8982ceacc41f9b8f,intermediate,procedural,C,55406,166513,221920,2,5,0.517,0.833,9,15,1,2024-03-24,2
S0637,a19e6a2d6190fb78,advanced,object_oriented,Java,42393,164053,206446,3,5,0.792,0.543,10,14,7,2024-01-12,1
S0638,a19e6a2d6190fb78,advanced,object_oriented,Java,57851,143015,200867,3,5,0.613,0.57,9,26,8,2024-01-07,2
S0639,a19e6a2d6190fb78,advanced,functional,JavaScript,47808,111059,158868,0,5,0.154,0.899,11,13,7,2024-06-24,1
S0640,a19e6a2d6190fb78,advanced,functional,JavaScript,52396,111088,163485,4,5,0.838,0.625,15,22,9,2024-02-10,2
S0641,a19e6a2d6190fb78,advanced,procedural,C,53938,115565,169504,2,5,0.456,0.718,7,20,4,2024-02-12,1
S0642,a19e6a2d6190fb78,advanced,procedural,C,49067,172511,221578,3,5,0.784,0.61,7,15,6,2024-01-07,2
S0643,9f1ea9fa44e6c0bc,intermediate,object_oriented,Java,56051,148365,204417,4,5,0.849,0.411,6,17,3,2024-04-25,1
S0644,9f1ea9fa44e6c0bc,intermediate,object_oriented,Java,40783,109335,150118,3,5,0.685,0.543,11,10,5,2024-05-20,2
S0645,9f1ea9fa44e6c0bc,intermediate,functional,JavaScript,28382,83896,112278,4,5,0.954,0.485,12,22,9,2024-04-23,1
S0646,9f1ea9fa44e6c0bc,intermediate,functional,JavaScript,10000,164325,174325,4,5,0.818,0.616,9,16,4,2024-06-07,2
S0647,9f1ea9fa44e6c0bc,intermediate,procedural,C,54232,137983,192215,4,5,0.802,0.745,6,19,6,2024-05-13,1
S0648,9f1ea9fa44e6c0bc,intermediate,procedural,C,64012,136972,200985,1,5,0.388,0.5,6,15,1,2024-05-04,2
S0649,1a5433299781255f,beginner,object_oriented,Java,23562,124705,148267,2,5,0.554,0.6,10,18,5,2024-02-18,1
S0650,1a5433299781255f,beginner,object_oriented,Java,34364,144037,178402,1,5,0.357,0.615,4,20,7,2024-03-11,2
S0651,1a5433299781255f,beginner,functional,JavaScript,45404,34629,80034,3,5,0.625,0.694,8,15,7,2024-01-20,1
S0652,1a5433299781255f,beginner,functional,JavaScript,14800,86253,101054,1,5,0.268,0.751,12,14,5,2024-03-09,2
S0653,1a5433299781255f,beginner,procedural,C,59491,124065,183556,2,5,0.456,0.841,7,18,3,2024-01-29,1
S0654,1a5433299781255f,beginner,procedural,C,45664,130157,175821,2,5,0.47,0.706,7,15,8,2024-04-30,2
S0655,a3915ea345663b9e,intermediate,object_oriented,Java,50515,157094,207609,3,5,0.796,0.591,10,14,2,2024-03-29,1
S0656,a3915ea345663b9e,intermediate,object_oriented,Java,55631,100847,156479,1,5,0.361,0.74,5,16,6,2024-06-14,2
S0657,a3915ea345663b9e,intermediate,functional,JavaScript,42122,153187,195309,1,5,0.336,0.511,7,17,7,2024-05-10,1
S0658,a3915ea345663b9e,intermediate,functional,JavaScript,47263,127457,174720,3,5,0.716,0.521,6,14,8,2024-01-10,2
S0659,a3915ea345663b9e,intermediate,procedural,C,49966,112727,162694,2,5,0.455,0.577,5,19,4,2024-05-29,1
S0660,a3915ea345663b9e,intermediate,procedural,C,51858,143037,194896,3,5,0.627,0.611,13,10,8,2024-03-17,2
S0661,f4f97f2dc9052dc2,advanced,object_oriented,Java,53905,161516,215422,3,5,0.637,0.52,7,15,7,2024-05-27,1
S0662,f4f97f2dc9052dc2,advanced,object_oriented,Java,48331,77645,125976,4,5,0.871,0.791,16,16,2,2024-01-30,2
S0663,f4f97f2dc9052dc2,advanced,functional,JavaScript,51464,95680,147145,2,5,0.558,0.453,6,28,11,2024-03-19,1
S0664,f4f97f2dc9052dc2,advanced,functional,JavaScript,28303,142475,170779,2,5,0.443,0.72,6,14,2,2024-03-09,2
S0665,f4f97f2dc9052dc2,advanced,procedural,C,56814,146395,203210,2,5,0.527,0.63,5,15,6,2024-05-02,1
S0666,f4f97f2dc9052dc2,advanced,procedural,C,51356,146904,198261,2,5,0.491,0.707,12,16,4,2024-03-21,2
S0667,502d1002ee91cd5c,intermediate,object_oriented,Java,50588,157101,207690,3,5,0.677,0.521,12,20,4,2024-06-16,1
S0668,502d1002ee91cd5c,intermediate,object_oriented,Java,48666,148193,196859,3,5,0.759,0.678,7,14,8,2024-04-11,2
S0669,502d1002ee91cd5c,intermediate,functional,JavaScript,50777,132570,183347,3,5,0.73,0.556,4,24,4,2024-02-06,1
S0670,502d1002ee91cd5c,intermediate,functional,JavaScript,28126,124213,152340,2,5,0.461,0.769,12,25,6,2024-02-19,2
S0671,502d1002ee91cd5c,intermediate,procedural,C,27503,124104,151608,1,5,0.342,0.512,5,14,7,2024-03-05,1
S0672,502d1002ee91cd5c,intermediate,procedural,C,39280,82367,121648,3,5,0.622,0.719,12,15,4,2024-03-24,2
S0673,396fa059405ca5d1,beginner,object_oriented,Java,40682,161434,202117,2,5,0.587,0.689,7,13,4,2024-02-07,1
S0674,396fa059405ca5d1,beginner,object_oriented,Java,39888,84624,124512,4,5,0.872,0.788,9,16,5,2024-01-25,2
S0675,396fa059405ca5d1,beginner,functional,JavaScript,63129,125373,188503,2,5,0.555,0.798,7,20,8,2024-03-12,1
S0676,396fa059405ca5d1,beginner,functional,JavaScript,40585,139970,180556,2,5,0.46,0.351,8,13,9,2024-04-26,2
S0677,396fa059405ca5d1,beginner,procedural,C,44947,141807,186755,2,5,0.574,0.894,7,15,8,2024-05-03,1
S0678,396fa059405ca5d1,beginner,procedural,C,43756,145796,189553,3,5,0.797,0.534,8,16,6,2024-03-14,2
S0679,984a6c04f11bcf7e,intermediate,object_oriented,Java,57173,151421,208594,4,5,0.851,0.76,5,6,5,2024-06-03,1
S0680,984a6c04f11bcf7e,intermediate,object_oriented,Java,64956,181231,246187,2,5,0.544,0.654,8,10,4,2024-03-02,2
S0681,984a6c04f11bcf7e,intermediate,functional,JavaScript,37676,147648,185325,3,5,0.604,0.725,3,13,7,2024-01-20,1
S0682,984a6c04f11bcf7e,intermediate,functional,JavaScript,33968,137387,171356,3,5,0.619,0.672,4,20,8,2024-06-04,2
S0683,984a6c04f11bcf7e,intermediate,procedural,C,45339,121967,167307,1,5,0.306,0.608,8,11,5,2024-01-26,1
S0684,984a6c04f11bcf7e,intermediate,procedural,C,53645,125315,178961,3,5,0.659,0.788,5,13,6,2024-03-08,2
S0685,65718f4e5f695b1f,intermediate,object_oriented,Java,48925,102489,151415,3,5,0.767,0.836,14,15,6,2024-04-10,1
S0686,65718f4e5f695b1f,intermediate,object_oriented,Java,49566,114690,164257,2,5,0.594,0.867,6,15,5,2024-06-13,2
S0687,65718f4e5f695b1f,intermediate,functional,JavaScript,50933,45282,96215,3,5,0.729,0.71,8,26,8,2024-02-04,1
S0688,65718f4e5f695b1f,intermediate,functional,JavaScript,29695,177401,207096,4,5,0.883,0.488,8,17,7,2024-02-10,2
S0689,65718f4e5f695b1f,intermediate,procedural,C,55882,120513,176396,3,5,0.647,0.832,8,25,9,2024-03-15,1
S0690,65718f4e5f695b1f,intermediate,procedural,C,44980,118474,163455,3,5,0.633,0.692,6,16,3,2024-02-13,2
S0691,287a88e045afaf65,intermediate,object_oriented,Java,80961,96701,177662,3,5,0.689,0.649,3,13,6,2024-01-18,1
S0692,287a88e045afaf65,intermediate,object_oriented,Java,37561,111363,148925,2,5,0.505,0.878,8,20,10,2024-05-17,2
S0693,287a88e045afaf65,intermediate,functional,JavaScript,18688,139127,157815,3,5,0.755,0.616,6,13,10,2024-02-27,1
S0694,287a88e045afaf65,intermediate,functional,JavaScript,10019,117932,127951,1,5,0.399,0.954,2,17,8,2024-06-28,2
S0695,287a88e045afaf65,intermediate,procedural,C,39991,121750,161741,1,5,0.274,0.675,12,14,10,2024-02-27,1
S0696,287a88e045afaf65,intermediate,procedural,C,52553,114027,166580,4,5,0.863,0.752,7,20,9,2024-01-17,2
S0697,a2c74792daf8561a,beginner,object_oriented,Java,33096,93978,127074,3,5,0.697,0.964,14,14,3,2024-01-25,1
S0698,a2c74792daf8561a,beginner,object_oriented,Java,49338,114351,163690,4,5,0.88,0.646,10,13,8,2024-03-19,2
S0699,a2c74792daf8561a,beginner,functional,JavaScript,30212,122470,152682,3,5,0.648,0.846,6,19,5,2024-02-24,1
S0700,a2c74792daf8561a,beginner,functional,JavaScript,10000,143769,153769,3,5,0.613,0.588,7,9,3,2024-02-11,2
S0701,a2c74792daf8561a,beginner,procedural,C,40607,126953,167561,3,5,0.729,0.81,11,16,8,2024-02-11,1
S0702,a2c74792daf8561a,beginner,procedural,C,56969,118123,175093,2,5,0.515,0.59,8,12,5,2024-01-10,2
S0703,a49739687b93b8e9,intermediate,object_oriented,Java,40148,91135,131283,3,5,0.707,0.92,7,13,6,2024-01-29,1
S0704,a49739687b93b8e9,intermediate,object_oriented,Java,64106,159826,223932,3,5,0.724,0.493,9,16,2,2024-05-13,2
S0705,a49739687b93b8e9,intermediate,functional,JavaScript,62767,43783,106551,2,5,0.483,0.701,7,13,5,2024-05-17,1
S0706,a49739687b93b8e9,intermediate,functional,JavaScript,18756,133168,151925,2,5,0.5,0.62,9,18,8,2024-04-27,2
S0707,a49739687b93b8e9,intermediate,procedural,C,40401,163965,204367,3,5,0.645,0.991,6,9,5,2024-01-09,1
S0708,a49739687b93b8e9,intermediate,procedural,C,46852,158506,205358,1,5,0.367,0.552,14,15,8,2024-02-29,2
S0709,60c8588899c51293,intermediate,object_oriented,Java,65056,121608,186664,2,5,0.432,0.737,8,23,4,2024-05-28,1
S0710,60c8588899c51293,intermediate,object_oriented,Java,33980,191332,225313,4,5,0.948,0.735,10,12,6,2024-01-29,2
S0711,60c8588899c51293,intermediate,functional,JavaScript,32373,91257,123631,3,5,0.692,1.0,11,18,5,2024-05-29,1
S0712,60c8588899c51293,intermediate,functional,JavaScript,58464,184502,242967,3,5,0.681,0.903,9,9,5,2024-03-18,2
S0713,60c8588899c51293,intermediate,procedural,C,42855,96332,139187,2,5,0.578,0.77,10,16,3,2024-02-08,1
S0714,60c8588899c51293,intermediate,procedural,C,62093,149701,211795,2,5,0.507,0.882,11,13,2,2024-02-26,2
S0715,3c15b0c265556382,beginner,object_oriented,Java,37630,97800,135431,2,5,0.568,0.744,6,14,7,2024-05-09,1
S0716,3c15b0c265556382,beginner,object_oriented,Java,31626,106846,138473,3,5,0.701,0.433,11,19,6,2024-02-14,2
S0717,3c15b0c265556382,beginner,functional,JavaScript,31447,106756,138204,2,5,0.589,0.876,5,15,2,2024-05-05,1
S0718,3c15b0c265556382,beginner,functional,JavaScript,50521,143196,193718,2,5,0.492,1.0,6,11,6,2024-01-15,2
S0719,3c15b0c265556382,beginner,procedural,C,42101,123227,165329,1,5,0.334,0.534,11,13,7,2024-01-04,1
S0720,3c15b0c265556382,beginner,procedural,C,45561,94009,139571,2,5,0.559,0.768,6,16,6,2024-06-16,2
S0721,20b36f1679846f06,intermediate,object_oriented,Java,47993,86135,134129,4,5,0.826,0.439,7,17,6,2024-03-16,1
S0722,20b36f1679846f06,intermediate,object_oriented,Java,12944,132390,145334,3,5,0.666,0.594,6,19,7,2024-05-19,2
S0723,20b36f1679846f06,intermediate,functional,JavaScript,55702,49896,105598,2,5,0.534,0.841,8,11,12,2024-04-05,1
S0724,20b36f1679846f06,intermediate,functional,JavaScript,23865,121699,145564,4,5,0.852,0.6,7,9,8,2024-04-30,2
S0725,20b36f1679846f06,intermediate,procedural,C,50924,143635,194559,2,5,0.497,0.65,10,12,1,2024-05-19,1
S0726,20b36f1679846f06,intermediate,procedural,C,59083,110667,169751,2,5,0.57,0.813,10,21,4,2024-01-22,2
S0727,c338a9644d8c06a8,intermediate,object_oriented,Java,51286,161307,212593,3,5,0.726,0.738,8,18,3,2024-04-08,1
S0728,c338a9644d8c06a8,intermediate,object_oriented,Java,45245,115623,160868,2,5,0.51,0.348,8,22,7,2024-06-13,2
S0729,c338a9644d8c06a8,intermediate,functional,JavaScript,27677,110842,138520,1,5,0.358,0.627,8,16,3,2024-04-28,1
S0730,c338a9644d8c06a8,intermediate,functional,JavaScript,49218,116316,165535,2,5,0.592,0.786,5,17,1,2024-03-10,2
S0731,c338a9644d8c06a8,intermediate,procedural,C,58658,128279,186938,2,5,0.585,0.71,7,9,6,2024-01-01,1
S0732,c338a9644d8c06a8,intermediate,procedural,C,63741,141631,205372,2,5,0.427,0.875,6,8,3,2024-01-25,2
S0733,1085c785640f6e22,advanced,object_oriented,Java,34488,74702,109191,3,5,0.759,0.82,13,18,3,2024-01-11,1
S0734,1085c785640f6e22,advanced,object_oriented,Java,45635,110111,155746,2,5,0.425,0.778,7,13,4,2024-02-08,2
S0735,1085c785640f6e22,advanced,functional,JavaScript,37821,166280,204101,2,5,0.589,0.628,9,13,4,2024-01-07,1
S0736,1085c785640f6e22,advanced,functional,JavaScript,50992,100405,151398,3,5,0.775,0.648,10,18,12,2024-03-27,2
S0737,1085c785640f6e22,advanced,procedural,C,52160,113189,165349,2,5,0.411,0.481,7,15,5,2024-06-06,1
S0738,1085c785640f6e22,advanced,procedural,C,50334,93820,144154,2,5,0.447,0.734,6,16,5,2024-06-11,2
S0739,60e2d049d8d9af07,intermediate,object_oriented,Java,53634,144232,197866,4,5,0.869,0.792,7,10,12,2024-03-10,1
S0740,60e2d049d8d9af07,intermediate,object_oriented,Java,29876,123705,153581,4,5,0.865,0.503,5,12,3,2024-06-19,2
S0741,60e2d049d8d9af07,intermediate,functional,JavaScript,86811,130953,217764,4,5,0.891,0.729,12,16,7,2024-05-23,1
S0742,60e2d049d8d9af07,intermediate,functional,JavaScript,45310,101296,146606,3,5,0.601,0.735,8,20,6,2024-05-29,2
S0743,60e2d049d8d9af07,intermediate,procedural,C,47261,104088,151350,1,5,0.339,0.715,10,18,7,2024-02-12,1
S0744,60e2d049d8d9af07,intermediate,procedural,C,54589,134591,189180,2,5,0.569,0.62,7,15,6,2024-02-15,2
S0745,bafe073560cad1ae,intermediate,object_oriented,Java,38699,117941,156641,4,5,0.955,0.499,8,16,5,2024-02-10,1
S0746,bafe073560cad1ae,intermediate,object_oriented,Java,32624,135920,168545,2,5,0.522,0.883,5,13,2,2024-05-22,2
S0747,bafe073560cad1ae,intermediate,functional,JavaScript,60759,40370,101130,1,5,0.369,0.808,3,17,7,2024-02-09,1
S0748,bafe073560cad1ae,intermediate,functional,JavaScript,49527,104143,153670,1,5,0.32,0.808,6,18,3,2024-04-21,2
S0749,bafe073560cad1ae,intermediate,procedural,C,38299,121571,159870,1,5,0.399,0.802,9,11,5,2024-05-23,1
S0750,bafe073560cad1ae,intermediate,procedural,C,45655,111983,157639,3,5,0.605,0.739,4,20,5,2024-06-15,2
S0751,dd2a9462874c03c1,advanced,object_oriented,Java,15254,123324,138578,3,5,0.798,0.77,14,15,6,2024-01-11,1
S0752,dd2a9462874c03c1,advanced,object_oriented,Java,64661,144871,209532,4,5,0.931,0.873,11,15,2,2024-02-22,2
S0753,dd2a9462874c03c1,advanced,functional,JavaScript,24195,133481,157676,3,5,0.624,0.423,13,18,5,2024-02-24,1
S0754,dd2a9462874c03c1,advanced,functional,JavaScript,10000,66756,76756,2,5,0.478,0.856,11,18,6,2024-03-01,2
S0755,dd2a9462874c03c1,advanced,procedural,C,39755,133071,172827,2,5,0.54,0.836,11,14,4,2024-02-14,1
S0756,dd2a9462874c03c1,advanced,procedural,C,34558,175162,209721,2,5,0.493,0.345,5,13,4,2024-05-01,2
S0757,f75ddfe92cd9f8df,advanced,object_oriented,Java,33634,73022,106657,3,5,0.696,0.728,6,13,2,2024-04-01,1
S0758,f75ddfe92cd9f8df,advanced,object_oriented,Java,29893,117714,147607,2,5,0.539,0.593,12,13,3,2024-04-30,2
S0759,f75ddfe92cd9f8df,advanced,functional,JavaScript,57177,118428,175605,2,5,0.513,0.847,10,15,8,2024-05-06,1
S0760,f75ddfe92cd9f8df,advanced,functional,JavaScript,38845,117384,156230,1,5,0.228,0.617,7,15,6,2024-04-10,2
S0761,f75ddfe92cd9f8df,advanced,procedural,C,28721,117799,146520,2,5,0.466,0.758,10,11,8,2024-01-05,1
S0762,f75ddfe92cd9f8df,advanced,procedural,C,45155,113913,159068,1,5,0.372,0.493,13,14,5,2024-03-16,2
S0763,f1ebf79db4b0f7e5,intermediate,object_oriented,Java,63551,41830,105382,3,5,0.767,0.599,11,11,7,2024-03-21,1
S0764,f1ebf79db4b0f7e5,intermediate,object_oriented,Java,47791,98978,146770,3,5,0.676,0.855,5,14,7,2024-02-06,2
S0765,f1ebf79db4b0f7e5,intermediate,functional,JavaScript,33879,99140,133019,3,5,0.702,0.715,9,13,4,2024-06-28,1
S0766,f1ebf79db4b0f7e5,intermediate,functional,JavaScript,47146,30000,77146,3,5,0.663,0.874,8,17,9,2024-04-13,2
S0767,f1ebf79db4b0f7e5,intermediate,procedural,C,44643,85443,130087,3,5,0.616,0.455,5,21,10,2024-05-28,1
S0768,f1ebf79db4b0f7e5,intermediate,procedural,C,29141,167678,196819,2,5,0.526,0.831,5,19,8,2024-06-10,2
S0769,1345c85405e92e2e,intermediate,object_oriented,Java,52655,144478,197133,3,5,0.682,0.732,7,26,6,2024-04-05,1
S0770,1345c85405e92e2e,intermediate,object_oriented,Java,28509,96247,124756,4,5,0.906,0.964,6,15,9,2024-05-28,2
S0771,1345c85405e92e2e,intermediate,functional,JavaScript,36673,84399,121072,3,5,0.667,0.741,6,13,2,2024-02-10,1
S0772,1345c85405e92e2e,intermediate,functional,JavaScript,46484,156392,202876,2,5,0.489,0.781,6,16,3,2024-01-17,2
S0773,1345c85405e92e2e,intermediate,procedural,C,42635,148285,190920,2,5,0.568,1.0,9,14,10,2024-06-05,1
S0774,1345c85405e92e2e,intermediate,procedural,C,30979,156268,187247,2,5,0.579,0.338,11,11,8,2024-01-05,2
S0775,2f1bb266b75e3fae,beginner,object_oriented,Java,58028,122281,180310,4,5,0.875,0.947,9,14,2,2024-06-07,1
S0776,2f1bb266b75e3fae,beginner,object_oriented,Java,32157,138913,171071,3,5,0.63,0.501,5,13,2,2024-06-25,2
S0777,2f1bb266b75e3fae,beginner,functional,JavaScript,37103,143544,180648,2,5,0.434,0.667,7,17,4,2024-06-10,1
S0778,2f1bb266b75e3fae,beginner,functional,JavaScript,27555,137314,164869,3,5,0.696,0.678,7,17,6,2024-05-29,2
S0779,2f1bb266b75e3fae,beginner,procedural,C,48401,158344,206746,2,5,0.448,0.76,9,15,14,2024-02-20,1
S0780,2f1bb266b75e3fae,beginner,procedural,C,60865,84225,145090,2,5,0.415,0.694,9,26,9,2024-01-29,2
S0781,10e89570503fb476,intermediate,object_oriented,Java,27850,99549,127400,3,5,0.671,0.685,4,11,4,2024-02-08,1
S0782,10e89570503fb476,intermediate,object_oriented,Java,28654,113294,141948,1,5,0.364,0.517,8,17,4,2024-01-06,2
S0783,10e89570503fb476,intermediate,functional,JavaScript,36294,139070,175364,2,5,0.408,0.847,7,22,7,2024-02-03,1
S0784,10e89570503fb476,intermediate,functional,JavaScript,16765,112822,129587,2,5,0.569,0.763,3,14,7,2024-05-05,2
S0785,10e89570503fb476,intermediate,procedural,C,62545,118069,180614,2,5,0.461,0.911,10,17,7,2024-05-04,1
S0786,10e89570503fb476,intermediate,procedural,C,45369,171250,216619,2,5,0.429,0.875,6,21,7,2024-01-27,2
S0787,e9b720c027c0abad,beginner,object_oriented,Java,69548,114908,184457,3,5,0.713,0.618,6,14,6,2024-01-08,1
S0788,e9b720c027c0abad,beginner,object_oriented,Java,56231,106693,162925,3,5,0.776,0.56,9,11,6,2024-05-26,2
S0789,e9b720c027c0abad,beginner,functional,JavaScript,67350,57597,124947,1,5,0.22,0.98,5,14,7,2024-04-10,1
S0790,e9b720c027c0abad,beginner,functional,JavaScript,10000,53170,63170,2,5,0.582,0.784,14,15,6,2024-02-20,2
S0791,e9b720c027c0abad,beginner,procedural,C,63663,151480,215144,2,5,0.478,0.898,10,11,14,2024-04-05,1
S0792,e9b720c027c0abad,beginner,procedural,C,43366,82997,126363,2,5,0.497,0.72,2,10,10,2024-03-02,2
S0793,76aaf0221cab6829,intermediate,object_oriented,Java,42192,115959,158151,3,5,0.614,0.832,8,15,4,2024-04-24,1
S0794,76aaf0221cab6829,intermediate,object_oriented,Java,51249,135797,187047,4,5,0.925,0.493,11,24,7,2024-04-29,2
S0795,76aaf0221cab6829,intermediate,functional,JavaScript,53225,114690,167916,1,5,0.303,0.808,9,19,7,2024-05-27,1
S0796,76aaf0221cab6829,intermediate,functional,JavaScript,41045,105441,146486,2,5,0.494,0.635,14,13,6,2024-03-27,2
S0797,76aaf0221cab6829,intermediate,procedural,C,47700,104894,152594,1,5,0.398,0.811,3,13,2,2024-06-08,1
S0798,76aaf0221cab6829,intermediate,procedural,C,46910,130457,177367,2,5,0.523,0.697,5,15,9,2024-04-08,2
S0799,8cfd4dcf7a640bb1,advanced,object_oriented,Java,71597,120159,191757,3,5,0.74,0.833,13,22,5,2024-04-17,1
S0800,8cfd4dcf7a640bb1,advanced,object_oriented,Java,42644,128344,170988,3,5,0.724,0.708,10,17,5,2024-02-07,2
S0801,8cfd4dcf7a640bb1,advanced,functional,JavaScript,46405,122654,169060,2,5,0.51,0.547,14,8,8,2024-01-26,1
S0802,8cfd4dcf7a640bb1,advanced,functional,JavaScript,52081,97441,149522,4,5,0.9,0.481,12,6,8,2024-06-01,2
S0803,8cfd4dcf7a640bb1,advanced,procedural,C,58094,124824,182918,2,5,0.501,0.729,12,17,3,2024-01-08,1
S0804,8cfd4dcf7a640bb1,advanced,procedural,C,43077,146487,189565,3,5,0.607,0.805,5,15,12,2024-05-03,2
S0805,0b3aa3d4c5465fef,advanced,object_oriented,Java,49283,116405,165689,1,5,0.288,0.743,12,14,8,2024-06-24,1
S0806,0b3aa3d4c5465fef,advanced,object_oriented,Java,47802,178957,226759,4,5,0.866,0.743,9,16,6,2024-04-18,2
S0807,0b3aa3d4c5465fef,advanced,functional,JavaScript,30582,146758,177341,2,5,0.426,0.461,9,14,6,2024-02-23,1
S0808,0b3aa3d4c5465fef,advanced,functional,JavaScript,49067,73479,122547,2,5,0.532,0.692,6,9,5,2024-01-23,2
S0809,0b3aa3d4c5465fef,advanced,procedural,C,49676,212282,261958,2,5,0.43,0.674,8,13,7,2024-03-29,1
S0810,0b3aa3d4c5465fef,advanced,procedural,C,33451,126217,159668,2,5,0.541,0.636,7,13,7,2024-06-11,2
S0811,3f2c192ad7da2306,intermediate,object_oriented,Java,65644,95859,161503,3,5,0.799,0.379,10,12,7,2024-04-09,1
S0812,3f2c192ad7da2306,intermediate,object_oriented,Java,52739,97773,150513,2,5,0.461,0.952,9,13,10,2024-04-18,2
S0813,3f2c192ad7da2306,intermediate,functional,JavaScript,48736,123479,172216,2,5,0.578,0.798,6,20,7,2024-03-18,1
S0814,3f2c192ad7da2306,intermediate,functional,JavaScript,35661,102668,138330,4,5,0.985,0.752,10,13,9,2024-03-14,2
S0815,3f2c192ad7da2306,intermediate,procedural,C,49515,129979,179494,3,5,0.661,0.608,2,11,2,2024-05-28,1
S0816,3f2c192ad7da2306,intermediate,procedural,C,59286,101667,160954,2,5,0.49,1.0,10,12,4,2024-04-04,2
S0817,d8dda6f4dd82b81e,advanced,object_oriented,Java,66277,125440,191718,2,5,0.583,0.85,9,14,8,2024-05-28,1
S0818,d8dda6f4dd82b81e,advanced,object_oriented,Java,71448,75458,146907,4,5,0.825,0.722,6,21,4,2024-04-13,2
S0819,d8dda6f4dd82b81e,advanced,functional,JavaScript,35395,119585,154981,2,5,0.582,0.83,10,10,4,2024-03-26,1
S0820,d8dda6f4dd82b81e,advanced,functional,JavaScript,13650,156237,169888,3,5,0.79,0.693,14,18,3,2024-06-20,2
S0821,d8dda6f4dd82b81e,advanced,procedural,C,47617,132262,179879,2,5,0.513,0.499,7,12,5,2024-01-31,1
S0822,d8dda6f4dd82b81e,advanced,procedural,C,55906,110064,165970,2,5,0.407,0.772,10,17,9,2024-02-02,2
S0823,b15e6a755a8f732f,beginner,object_oriented,Java,42030,85935,127966,2,5,0.514,0.66,9,19,9,2024-05-10,1
S0824,b15e6a755a8f732f,beginner,object_oriented,Java,31655,189808,221463,3,5,0.607,0.463,5,15,8,2024-06-21,2
S0825,b15e6a755a8f732f,beginner,functional,JavaScript,29762,111609,141372,3,5,0.692,0.753,12,9,7,2024-04-02,1
S0826,b15e6a755a8f732f,beginner,functional,JavaScript,34442,55049,89492,1,5,0.348,0.643,7,12,8,2024-01-17,2
S0827,b15e6a755a8f732f,beginner,procedural,C,69963,74366,144329,3,5,0.784,0.61,9,16,4,2024-06-22,1
S0828,b15e6a755a8f732f,beginner,procedural,C,60991,142896,203888,3,5,0.646,0.833,4,19,3,2024-05-08,2
S0829,f6dc3fc8d0bc9f54,intermediate,object_oriented,Java,45400,137890,183290,3,5,0.65,0.565,13,12,7,2024-02-25,1
S0830,f6dc3fc8d0bc9f54,intermediate,object_oriented,Java,52695,122777,175473,4,5,0.962,1.0,5,13,6,2024-03-13,2
S0831,f6dc3fc8d0bc9f54,intermediate,functional,JavaScript,26768,107373,134141,2,5,0.515,0.791,8,21,5,2024-01-28,1
S0832,f6dc3fc8d0bc9f54,intermediate,functional,JavaScript,32344,147540,179885,3,5,0.66,0.747,10,17,4,2024-06-22,2
S0833,f6dc3fc8d0bc9f54,intermediate,procedural,C,57304,111924,169228,2,5,0.592,0.697,6,18,5,2024-03-13,1
S0834,f6dc3fc8d0bc9f54,intermediate,procedural,C,52466,122652,175119,3,5,0.605,0.741,7,10,4,2024-03-29,2
S0835,3d7069228eb2657a,intermediate,object_oriented,Java,48634,170457,219092,3,5,0.657,0.559,6,15,3,2024-05-16,1
S0836,3d7069228eb2657a,intermediate,object_oriented,Java,55718,97194,152913,3,5,0.763,0.61,9,19,6,2024-05-04,2
S0837,3d7069228eb2657a,intermediate,functional,JavaScript,16328,126805,143134,2,5,0.422,0.755,13,13,5,2024-01-21,1
S0838,3d7069228eb2657a,intermediate,functional,JavaScript,10000,88284,98284,3,5,0.712,0.724,11,13,3,2024-05-01,2
S0839,3d7069228eb2657a,intermediate,procedural,C,52797,117181,169978,2,5,0.497,0.698,9,16,10,2024-03-24,1
S0840,3d7069228eb2657a,intermediate,procedural,C,61793,121090,182883,2,5,0.422,0.569,6,14,7,2024-04-01,2
S0841,e43f050c4a2f9adc,intermediate,object_oriented,Java,55225,138665,193891,3,5,0.735,0.869,12,20,2,2024-01-04,1
S0842,e43f050c4a2f9adc,intermediate,object_oriented,Java,34552,147801,182354,3,5,0.704,0.875,9,9,9,2024-02-29,2
S0843,e43f050c4a2f9adc,intermediate,functional,JavaScript,23168,125071,148240,3,5,0.795,0.669,8,9,6,2024-05-07,1
S0844,e43f050c4a2f9adc,intermediate,functional,JavaScript,38975,113129,152105,2,5,0.457,0.756,5,12,3,2024-05-10,2
S0845,e43f050c4a2f9adc,intermediate,procedural,C,57539,125814,183353,3,5,0.766,0.462,11,14,4,2024-02-19,1
S0846,e43f050c4a2f9adc,intermediate,procedural,C,50163,131228,181391,2,5,0.539,0.754,5,11,7,2024-03-14,2
S0847,e35a8e42e15caafa,beginner,object_oriented,Java,43763,129527,173290,3,5,0.639,0.691,6,18,4,2024-04-19,1
S0848,e35a8e42e15caafa,beginner,object_oriented,Java,31584,89471,121056,3,5,0.708,0.665,11,13,5,2024-01-04,2
S0849,e35a8e42e15caafa,beginner,functional,JavaScript,56180,152301,208481,3,5,0.647,0.681,5,12,7,2024-02-01,1
S0850,e35a8e42e15caafa,beginner,functional,JavaScript,10000,126735,136735,2,5,0.425,0.832,5,13,3,2024-04-08,2
S0851,e35a8e42e15caafa,beginner,procedural,C,34353,156795,191148,2,5,0.421,0.746,8,18,6,2024-01-04,1
S0852,e35a8e42e15caafa,beginner,procedural,C,36328,134648,170977,2,5,0.448,0.542,15,8,8,2024-01-31,2
S0853,2227f88d7aebdb31,advanced,object_oriented,Java,53324,158675,211999,2,5,0.511,0.716,7,12,5,2024-03-01,1
S0854,2227f88d7aebdb31,advanced,object_oriented,Java,48099,101847,149946,3,5,0.621,0.375,7,15,4,2024-06-07,2
S0855,2227f88d7aebdb31,advanced,functional,JavaScript,10000,128698,138698,4,5,0.824,0.608,14,8,7,2024-05-24,1
S0856,2227f88d7aebdb31,advanced,functional,JavaScript,46814,87002,133816,2,5,0.475,0.757,7,21,8,2024-03-06,2
S0857,2227f88d7aebdb31,advanced,procedural,C,40319,173663,213982,2,5,0.513,0.681,5,13,10,2024-06-15,1
S0858,2227f88d7aebdb31,advanced,procedural,C,51341,121523,172865,4,5,0.94,0.717,7,13,3,2024-06-21,2
S0859,e74e5ec6c4cec60a,beginner,object_oriented,Java,46116,135945,182061,2,5,0.585,0.518,8,13,5,2024-01-15,1
S0860,e74e5ec6c4cec60a,beginner,object_oriented,Java,47715,87264,134980,2,5,0.595,0.98,7,13,5,2024-05-18,2
S0861,e74e5ec6c4cec60a,beginner,functional,JavaScript,45290,145299,190590,2,5,0.419,0.822,3,18,3,2024-02-06,1
S0862,e74e5ec6c4cec60a,beginner,functional,JavaScript,48134,114114,162249,2,5,0.47,0.652,4,17,2,2024-02-09,2
S0863,e74e5ec6c4cec60a,beginner,procedural,C,48272,143172,191445,3,5,0.723,0.757,12,14,11,2024-04-20,1
S0864,e74e5ec6c4cec60a,beginner,procedural,C,36567,102883,139451,2,5,0.48,0.877,13,16,9,2024-03-06,2
S0865,c622973483b24fe3,advanced,object_oriented,Java,48613,140227,188840,3,5,0.624,0.658,8,19,4,2024-01-21,1
S0866,c622973483b24fe3,advanced,object_oriented,Java,53642,120274,173917,4,5,0.802,0.358,8,9,4,2024-02-25,2
S0867,c622973483b24fe3,advanced,functional,JavaScript,41364,76739,118103,3,5,0.619,0.911,8,14,3,2024-06-25,1
S0868,c622973483b24fe3,advanced,functional,JavaScript,28766,168644,197411,3,5,0.653,0.464,8,18,5,2024-05-01,2
S0869,c622973483b24fe3,advanced,procedural,C,45743,106137,151881,2,5,0.49,0.558,8,14,6,2024-06-14,1
S0870,c622973483b24fe3,advanced,procedural,C,50745,104379,155125,2,5,0.492,0.511,6,23,7,2024-04-25,2
S0871,caa0e6d05ba5a8a5,intermediate,object_oriented,Java,74602,139280,213883,4,5,0.955,0.802,9,24,7,2024-03-23,1
S0872,caa0e6d05ba5a8a5,intermediate,object_oriented,Java,29802,147552,177354,4,5,0.957,0.512,11,10,8,2024-02-08,2
S0873,caa0e6d05ba5a8a5,intermediate,functional,JavaScript,10000,130359,140359,3,5,0.716,0.724,10,10,3,2024-01-26,1
S0874,caa0e6d05ba5a8a5,intermediate,functional,JavaScript,38674,129708,168382,3,5,0.705,0.611,12,12,4,2024-04-03,2
S0875,caa0e6d05ba5a8a5,intermediate,procedural,C,54245,122313,176558,3,5,0.62,0.791,6,12,4,2024-05-26,1
S0876,caa0e6d05ba5a8a5,intermediate,procedural,C,54696,162308,217004,2,5,0.429,0.889,7,16,2,2024-06-10,2
S0877,f4796a97b78a45c1,advanced,object_oriented,Java,52629,77827,130456,4,5,0.839,0.523,6,13,10,2024-03-05,1
S0878,f4796a97b78a45c1,advanced,object_oriented,Java,56266,133139,189406,4,5,0.919,0.929,20,15,4,2024-04-15,2
S0879,f4796a97b78a45c1,advanced,functional,JavaScript,21707,127001,148708,2,5,0.481,0.701,7,17,3,2024-05-07,1
S0880,f4796a97b78a45c1,advanced,functional,JavaScript,64854,62339,127194,3,5,0.669,0.669,12,20,4,2024-03-29,2
S0881,f4796a97b78a45c1,advanced,procedural,C,53857,138061,191919,2,5,0.489,0.961,12,12,7,2024-03-03,1
S0882,f4796a97b78a45c1,advanced,procedural,C,43162,110743,153906,2,5,0.459,0.334,9,18,5,2024-02-18,2
S0883,069c6a053af649ff,intermediate,object_oriented,Java,53244,187648,240892,5,5,1.0,0.92,8,12,4,2024-03-25,1
S0884,069c6a053af649ff,intermediate,object_oriented,Java,46514,92906,139420,3,5,0.61,0.609,8,18,6,2024-04-16,2
S0885,069c6a053af649ff,intermediate,functional,JavaScript,43460,106270,149731,2,5,0.405,0.741,12,15,6,2024-06-15,1
S0886,069c6a053af649ff,intermediate,functional,JavaScript,47959,183271,231231,1,5,0.399,0.591,13,8,7,2024-03-06,2
S0887,069c6a053af649ff,intermediate,procedural,C,47964,167591,215556,1,5,0.272,0.494,4,21,7,2024-01-08,1
S0888,069c6a053af649ff,intermediate,procedural,C,74439,155723,230162,3,5,0.608,0.974,7,14,8,2024-03-01,2
S0889,244f7b0cc92eda37,advanced,object_oriented,Java,55673,155329,211003,4,5,0.861,0.592,3,14,2,2024-06-20,1
S0890,244f7b0cc92eda37,advanced,object_oriented,Java,63302,94539,157841,3,5,0.692,0.751,9,14,2,2024-01-30,2
S0891,244f7b0cc92eda37,advanced,functional,JavaScript,24104,67654,91758,2,5,0.443,0.791,6,21,9,2024-03-08,1
S0892,244f7b0cc92eda37,advanced,functional,JavaScript,16540,137397,153938,3,5,0.702,0.556,4,15,7,2024-04-26,2
S0893,244f7b0cc92eda37,advanced,procedural,C,37613,109457,147070,3,5,0.73,0.949,10,10,4,2024-05-15,1
S0894,244f7b0cc92eda37,advanced,procedural,C,61002,106307,167309,2,5,0.402,0.857,14,12,3,2024-03-26,2
S0895,c654299af52bbea7,intermediate,object_oriented,Java,25665,187312,212978,2,5,0.558,0.538,6,17,4,2024-01-22,1
S0896,c654299af52bbea7,intermediate,object_oriented,Java,48395,126476,174872,3,5,0.795,0.819,3,12,6,2024-06-14,2
S0897,c654299af52bbea7,intermediate,functional,JavaScript,24765,95114,119879,2,5,0.535,0.763,11,14,3,2024-01-08,1
S0898,c654299af52bbea7,intermediate,functional,JavaScript,42715,99455,142171,3,5,0.638,0.775,14,12,7,2024-02-11,2
S0899,c654299af52bbea7,intermediate,procedural,C,54181,118073,172254,2,5,0.474,0.581,4,12,3,2024-05-06,1
S0900,c654299af52bbea7,intermediate,procedural,C,66009,124641,190651,3,5,0.638,0.654,7,19,2,2024-06-06,2
